subject,strategy,nlogLik,mean_prob,n_selections,experiment_name,age_group,age,best_nlogLik,LR,p_value
Crossact1_p101,entropy,7.92958987846154,0.14527413035082726,4,Experiment 2,kids,4.294444444,6.996732163133916,-1.8657154306552481,1
Crossact1_p101,confirmatory,7.812186783811018,0.14739284615267514,4,Experiment 2,kids,4.294444444,6.996732163133916,-1.630909241354205,1
Crossact1_p101,random,7.16703787691222,0.16666666666666666,4,Experiment 2,kids,4.294444444,6.996732163133916,-0.3406114275566079,1
Crossact1_p101,novelty,7.232944464681522,0.16394955211724557,4,Experiment 2,kids,4.294444444,6.996732163133916,-0.47242460309521306,1
Crossact1_p101,margin,6.996732163133916,0.20253961688838137,4,Experiment 2,kids,4.294444444,6.996732163133916,-0,1
Crossact1_p102,entropy,7.1676558784820905,0.1736235216381625,4,Experiment 2,kids,5.302777778,7.16703787691222,-0.0012360031397413707,1
Crossact1_p102,confirmatory,7.812186783811018,0.14739284615267514,4,Experiment 2,kids,5.302777778,7.16703787691222,-1.2902978137975971,1
Crossact1_p102,random,7.16703787691222,0.16666666666666666,4,Experiment 2,kids,5.302777778,7.16703787691222,-0,1
Crossact1_p102,novelty,7.232944464681522,0.16394955211724557,4,Experiment 2,kids,5.302777778,7.16703787691222,-0.13181317553860517,1
Crossact1_p102,margin,21.817715871770382,0.00486026937211991,4,Experiment 2,kids,5.302777778,7.16703787691222,-29.301355989716324,1
Crossact1_p103,entropy,7.9112360327153795,0.14565802032954883,4,Experiment 2,kids,5.705555556,7.122232741373182,-1.5780065826843952,1
Crossact1_p103,confirmatory,7.812186783811018,0.14739284615267514,4,Experiment 2,kids,5.705555556,7.122232741373182,-1.379908084875673,1
Crossact1_p103,random,7.16703787691222,0.16666666666666666,4,Experiment 2,kids,5.705555556,7.122232741373182,-0.08961027107807595,1
Crossact1_p103,novelty,7.232944464681522,0.16394955211724557,4,Experiment 2,kids,5.705555556,7.122232741373182,-0.22142344661668112,1
Crossact1_p103,margin,7.122232741373182,0.20044547585099906,4,Experiment 2,kids,5.705555556,7.122232741373182,-0,1
Crossact1_p104,entropy,7.983992106618745,0.14414979727770155,4,Experiment 2,kids,5.861111111,6.5829582521946,-2.8020677088482895,1
Crossact1_p104,confirmatory,7.812186783811018,0.14739284615267514,4,Experiment 2,kids,5.861111111,6.5829582521946,-2.458457063232837,1
Crossact1_p104,random,7.16703787691222,0.16666666666666666,4,Experiment 2,kids,5.861111111,6.5829582521946,-1.1681592494352397,1
Crossact1_p104,novelty,7.232944464681522,0.16394955211724557,4,Experiment 2,kids,5.861111111,6.5829582521946,-1.299972424973845,1
Crossact1_p104,margin,6.5829582521946,0.21024522414550315,4,Experiment 2,kids,5.861111111,6.5829582521946,-0,1
Crossact1_p105,entropy,6.327148048488886,0.2056722273340898,4,Experiment 2,kids,4.108333333,6.327148048488886,-0,1
Crossact1_p105,confirmatory,7.812186783811018,0.14739284615267514,4,Experiment 2,kids,4.108333333,6.327148048488886,-2.9700774706442647,1
Crossact1_p105,random,7.16703787691222,0.16666666666666666,4,Experiment 2,kids,4.108333333,6.327148048488886,-1.6797796568466676,1
Crossact1_p105,novelty,7.232944464681522,0.16394955211724557,4,Experiment 2,kids,4.108333333,6.327148048488886,-1.8115928323852728,1
Crossact1_p105,margin,25.62504968320505,0.0016511845908186483,4,Experiment 2,kids,4.108333333,6.327148048488886,-38.595803269432324,1
Crossact1_p106,entropy,7.983992106618745,0.14414979727770155,4,Experiment 2,kids,4.7,6.5829582521946,-2.8020677088482895,1
Crossact1_p106,confirmatory,7.812186783811018,0.14739284615267514,4,Experiment 2,kids,4.7,6.5829582521946,-2.458457063232837,1
Crossact1_p106,random,7.16703787691222,0.16666666666666666,4,Experiment 2,kids,4.7,6.5829582521946,-1.1681592494352397,1
Crossact1_p106,novelty,7.232944464681522,0.16394955211724557,4,Experiment 2,kids,4.7,6.5829582521946,-1.299972424973845,1
Crossact1_p106,margin,6.5829582521946,0.21024522414550315,4,Experiment 2,kids,4.7,6.5829582521946,-0,1
Crossact1_p107,entropy,7.947559885379252,0.14490615995890796,4,Experiment 2,kids,6.991666667,6.874341395453685,-2.146436979851133,1
Crossact1_p107,confirmatory,7.812186783811018,0.14739284615267514,4,Experiment 2,kids,6.991666667,6.874341395453685,-1.8756907767146664,1
Crossact1_p107,random,7.16703787691222,0.16666666666666666,4,Experiment 2,kids,6.991666667,6.874341395453685,-0.5853929629170693,1
Crossact1_p107,novelty,7.232944464681522,0.16394955211724557,4,Experiment 2,kids,6.991666667,6.874341395453685,-0.7172061384556745,1
Crossact1_p107,margin,6.874341395453685,0.20452729586037524,4,Experiment 2,kids,6.991666667,6.874341395453685,-0,1
Crossact1_p108,entropy,7.111151842943195,0.17483684308523847,4,Experiment 2,kids,7.238888889,7.111151842943195,-0,1
Crossact1_p108,confirmatory,7.812186783811018,0.14739284615267514,4,Experiment 2,kids,7.238888889,7.111151842943195,-1.4020698817356472,1
Crossact1_p108,random,7.16703787691222,0.16666666666666666,4,Experiment 2,kids,7.238888889,7.111151842943195,-0.11177206793805006,1
Crossact1_p108,novelty,7.232944464681522,0.16394955211724557,4,Experiment 2,kids,7.238888889,7.111151842943195,-0.24358524347665522,1
Crossact1_p108,margin,21.82975356677761,0.004854379716710508,4,Experiment 2,kids,7.238888889,7.111151842943195,-29.437203447668836,1
Crossact1_p109,entropy,8.81646213886469,0.11592840086522381,4,Experiment 2,kids,5.797222222,5.9182058655613385,-5.796512546606703,1
Crossact1_p109,confirmatory,5.9182058655613385,0.2861583823050717,4,Experiment 2,kids,5.797222222,5.9182058655613385,-0,1
Crossact1_p109,random,7.16703787691222,0.16666666666666666,4,Experiment 2,kids,5.797222222,5.9182058655613385,-2.4976640227017626,1
Crossact1_p109,novelty,7.396166064839335,0.15746082320850857,4,Experiment 2,kids,5.797222222,5.9182058655613385,-2.9559203985559925,1
Crossact1_p109,margin,7.3463134991948555,0.17666289488686363,4,Experiment 2,kids,5.797222222,5.9182058655613385,-2.856215267267034,1
Crossact1_p110,entropy,7.9112360327153795,0.14565802032954883,4,Experiment 2,kids,5.583333333,7.122232741373182,-1.5780065826843952,1
Crossact1_p110,confirmatory,7.812186783811018,0.14739284615267514,4,Experiment 2,kids,5.583333333,7.122232741373182,-1.379908084875673,1
Crossact1_p110,random,7.16703787691222,0.16666666666666666,4,Experiment 2,kids,5.583333333,7.122232741373182,-0.08961027107807595,1
Crossact1_p110,novelty,7.232944464681522,0.16394955211724557,4,Experiment 2,kids,5.583333333,7.122232741373182,-0.22142344661668112,1
Crossact1_p110,margin,7.122232741373182,0.20044547585099906,4,Experiment 2,kids,5.583333333,7.122232741373182,-0,1
Crossact1_p111,entropy,7.983992106618745,0.14414979727770155,4,Experiment 2,kids,5.511111111,6.5829582521946,-2.8020677088482895,1
Crossact1_p111,confirmatory,7.812186783811018,0.14739284615267514,4,Experiment 2,kids,5.511111111,6.5829582521946,-2.458457063232837,1
Crossact1_p111,random,7.16703787691222,0.16666666666666666,4,Experiment 2,kids,5.511111111,6.5829582521946,-1.1681592494352397,1
Crossact1_p111,novelty,7.232944464681522,0.16394955211724557,4,Experiment 2,kids,5.511111111,6.5829582521946,-1.299972424973845,1
Crossact1_p111,margin,6.5829582521946,0.21024522414550315,4,Experiment 2,kids,5.511111111,6.5829582521946,-0,1
Crossact1_p112,entropy,7.1492309674157575,0.17401039615883682,4,Experiment 2,kids,6.213888889,7.1492309674157575,-0,1
Crossact1_p112,confirmatory,7.812186783811018,0.14739284615267514,4,Experiment 2,kids,6.213888889,7.1492309674157575,-1.3259116327905218,1
Crossact1_p112,random,7.16703787691222,0.16666666666666666,4,Experiment 2,kids,6.213888889,7.1492309674157575,-0.035613818992924706,1
Crossact1_p112,novelty,7.232944464681522,0.16394955211724557,4,Experiment 2,kids,6.213888889,7.1492309674157575,-0.16742699453152987,1
Crossact1_p112,margin,21.82172518207329,0.0048583093431433496,4,Experiment 2,kids,6.213888889,7.1492309674157575,-29.344988429315066,1
Crossact1_p113,entropy,7.983992106618745,0.14414979727770155,4,Experiment 2,kids,4.175,6.5829582521946,-2.8020677088482895,1
Crossact1_p113,confirmatory,7.812186783811018,0.14739284615267514,4,Experiment 2,kids,4.175,6.5829582521946,-2.458457063232837,1
Crossact1_p113,random,7.16703787691222,0.16666666666666666,4,Experiment 2,kids,4.175,6.5829582521946,-1.1681592494352397,1
Crossact1_p113,novelty,7.232944464681522,0.16394955211724557,4,Experiment 2,kids,4.175,6.5829582521946,-1.299972424973845,1
Crossact1_p113,margin,6.5829582521946,0.21024522414550315,4,Experiment 2,kids,4.175,6.5829582521946,-0,1
Crossact1_p114,entropy,7.130402319170106,0.1744144467167003,4,Experiment 2,kids,8.897222222,7.130402319170106,-0,1
Crossact1_p114,confirmatory,7.812186783811018,0.14739284615267514,4,Experiment 2,kids,8.897222222,7.130402319170106,-1.3635689292818256,1
Crossact1_p114,random,7.16703787691222,0.16666666666666666,4,Experiment 2,kids,8.897222222,7.130402319170106,-0.07327111548422849,1
Crossact1_p114,novelty,7.232944464681522,0.16394955211724557,4,Experiment 2,kids,8.897222222,7.130402319170106,-0.20508429102283365,1
Crossact1_p114,margin,21.825737745314765,0.004856346127266509,4,Experiment 2,kids,8.897222222,7.130402319170106,-29.39067085228932,1
Crossact1_p115,entropy,7.1676558784820905,0.1736235216381625,4,Experiment 2,kids,7.497222222,7.16703787691222,-0.0012360031397413707,1
Crossact1_p115,confirmatory,7.812186783811018,0.14739284615267514,4,Experiment 2,kids,7.497222222,7.16703787691222,-1.2902978137975971,1
Crossact1_p115,random,7.16703787691222,0.16666666666666666,4,Experiment 2,kids,7.497222222,7.16703787691222,-0,1
Crossact1_p115,novelty,7.232944464681522,0.16394955211724557,4,Experiment 2,kids,7.497222222,7.16703787691222,-0.13181317553860517,1
Crossact1_p115,margin,21.817715871770382,0.00486026937211991,4,Experiment 2,kids,7.497222222,7.16703787691222,-29.301355989716324,1
Crossact1_p116,entropy,7.130402319170106,0.1744144467167003,4,Experiment 2,kids,5.466666667,7.130402319170106,-0,1
Crossact1_p116,confirmatory,7.812186783811018,0.14739284615267514,4,Experiment 2,kids,5.466666667,7.130402319170106,-1.3635689292818256,1
Crossact1_p116,random,7.16703787691222,0.16666666666666666,4,Experiment 2,kids,5.466666667,7.130402319170106,-0.07327111548422849,1
Crossact1_p116,novelty,7.232944464681522,0.16394955211724557,4,Experiment 2,kids,5.466666667,7.130402319170106,-0.20508429102283365,1
Crossact1_p116,margin,21.825737745314765,0.004856346127266509,4,Experiment 2,kids,5.466666667,7.130402319170106,-29.39067085228932,1
Crossact1_p117,entropy,7.130402319170106,0.1744144467167003,4,Experiment 2,kids,4.786111111,7.130402319170106,-0,1
Crossact1_p117,confirmatory,7.812186783811018,0.14739284615267514,4,Experiment 2,kids,4.786111111,7.130402319170106,-1.3635689292818256,1
Crossact1_p117,random,7.16703787691222,0.16666666666666666,4,Experiment 2,kids,4.786111111,7.130402319170106,-0.07327111548422849,1
Crossact1_p117,novelty,7.232944464681522,0.16394955211724557,4,Experiment 2,kids,4.786111111,7.130402319170106,-0.20508429102283365,1
Crossact1_p117,margin,21.825737745314765,0.004856346127266509,4,Experiment 2,kids,4.786111111,7.130402319170106,-29.39067085228932,1
Crossact1_p118,entropy,7.9659690621690125,0.14451994723328948,4,Experiment 2,kids,5.066666667,6.726500529236519,-2.4789370658649865,1
Crossact1_p118,confirmatory,7.812186783811018,0.14739284615267514,4,Experiment 2,kids,5.066666667,6.726500529236519,-2.1713725091489984,1
Crossact1_p118,random,7.16703787691222,0.16666666666666666,4,Experiment 2,kids,5.066666667,6.726500529236519,-0.8810746953514013,1
Crossact1_p118,novelty,7.232944464681522,0.16394955211724557,4,Experiment 2,kids,5.066666667,6.726500529236519,-1.0128878708900064,1
Crossact1_p118,margin,6.726500529236519,0.2074743930291414,4,Experiment 2,kids,5.066666667,6.726500529236519,-0,1
Crossact1_p119,entropy,7.1492309674157575,0.17401039615883682,4,Experiment 2,kids,4.333,7.1492309674157575,-0,1
Crossact1_p119,confirmatory,7.812186783811018,0.14739284615267514,4,Experiment 2,kids,4.333,7.1492309674157575,-1.3259116327905218,1
Crossact1_p119,random,7.16703787691222,0.16666666666666666,4,Experiment 2,kids,4.333,7.1492309674157575,-0.035613818992924706,1
Crossact1_p119,novelty,7.232944464681522,0.16394955211724557,4,Experiment 2,kids,4.333,7.1492309674157575,-0.16742699453152987,1
Crossact1_p119,margin,21.82172518207329,0.0048583093431433496,4,Experiment 2,kids,4.333,7.1492309674157575,-29.344988429315066,1
Crossact1_p120,entropy,7.9659690621690125,0.14451994723328948,4,Experiment 2,kids,5.081,6.726500529236519,-2.4789370658649865,1
Crossact1_p120,confirmatory,7.812186783811018,0.14739284615267514,4,Experiment 2,kids,5.081,6.726500529236519,-2.1713725091489984,1
Crossact1_p120,random,7.16703787691222,0.16666666666666666,4,Experiment 2,kids,5.081,6.726500529236519,-0.8810746953514013,1
Crossact1_p120,novelty,7.232944464681522,0.16394955211724557,4,Experiment 2,kids,5.081,6.726500529236519,-1.0128878708900064,1
Crossact1_p120,margin,6.726500529236519,0.2074743930291414,4,Experiment 2,kids,5.081,6.726500529236519,-0,1
Crossact1_p121,entropy,7.111151842943195,0.17483684308523847,4,Experiment 2,kids,7.367,7.111151842943195,-0,1
Crossact1_p121,confirmatory,7.812186783811018,0.14739284615267514,4,Experiment 2,kids,7.367,7.111151842943195,-1.4020698817356472,1
Crossact1_p121,random,7.16703787691222,0.16666666666666666,4,Experiment 2,kids,7.367,7.111151842943195,-0.11177206793805006,1
Crossact1_p121,novelty,7.232944464681522,0.16394955211724557,4,Experiment 2,kids,7.367,7.111151842943195,-0.24358524347665522,1
Crossact1_p121,margin,21.82975356677761,0.004854379716710508,4,Experiment 2,kids,7.367,7.111151842943195,-29.437203447668836,1
Crossact1_p122,entropy,7.1676558784820905,0.1736235216381625,4,Experiment 2,kids,6.714,7.16703787691222,-0.0012360031397413707,1
Crossact1_p122,confirmatory,7.812186783811018,0.14739284615267514,4,Experiment 2,kids,6.714,7.16703787691222,-1.2902978137975971,1
Crossact1_p122,random,7.16703787691222,0.16666666666666666,4,Experiment 2,kids,6.714,7.16703787691222,-0,1
Crossact1_p122,novelty,7.232944464681522,0.16394955211724557,4,Experiment 2,kids,6.714,7.16703787691222,-0.13181317553860517,1
Crossact1_p122,margin,21.817715871770382,0.00486026937211991,4,Experiment 2,kids,6.714,7.16703787691222,-29.301355989716324,1
Crossact1_p123,entropy,7.130402319170106,0.1744144467167003,4,Experiment 2,kids,5.583,7.130402319170106,-0,1
Crossact1_p123,confirmatory,7.812186783811018,0.14739284615267514,4,Experiment 2,kids,5.583,7.130402319170106,-1.3635689292818256,1
Crossact1_p123,random,7.16703787691222,0.16666666666666666,4,Experiment 2,kids,5.583,7.130402319170106,-0.07327111548422849,1
Crossact1_p123,novelty,7.232944464681522,0.16394955211724557,4,Experiment 2,kids,5.583,7.130402319170106,-0.20508429102283365,1
Crossact1_p123,margin,21.825737745314765,0.004856346127266509,4,Experiment 2,kids,5.583,7.130402319170106,-29.39067085228932,1
Crossact1_p124,entropy,7.130402319170106,0.1744144467167003,4,Experiment 2,kids,6.181,7.130402319170106,-0,1
Crossact1_p124,confirmatory,7.812186783811018,0.14739284615267514,4,Experiment 2,kids,6.181,7.130402319170106,-1.3635689292818256,1
Crossact1_p124,random,7.16703787691222,0.16666666666666666,4,Experiment 2,kids,6.181,7.130402319170106,-0.07327111548422849,1
Crossact1_p124,novelty,7.232944464681522,0.16394955211724557,4,Experiment 2,kids,6.181,7.130402319170106,-0.20508429102283365,1
Crossact1_p124,margin,21.825737745314765,0.004856346127266509,4,Experiment 2,kids,6.181,7.130402319170106,-29.39067085228932,1
Crossact1_p125,entropy,7.111151842943195,0.17483684308523847,4,Experiment 2,kids,6.267,7.111151842943195,-0,1
Crossact1_p125,confirmatory,7.812186783811018,0.14739284615267514,4,Experiment 2,kids,6.267,7.111151842943195,-1.4020698817356472,1
Crossact1_p125,random,7.16703787691222,0.16666666666666666,4,Experiment 2,kids,6.267,7.111151842943195,-0.11177206793805006,1
Crossact1_p125,novelty,7.232944464681522,0.16394955211724557,4,Experiment 2,kids,6.267,7.111151842943195,-0.24358524347665522,1
Crossact1_p125,margin,21.82975356677761,0.004854379716710508,4,Experiment 2,kids,6.267,7.111151842943195,-29.437203447668836,1
Crossact1_p126,entropy,7.983992106618745,0.14414979727770155,4,Experiment 2,kids,7.747,6.5829582521946,-2.8020677088482895,1
Crossact1_p126,confirmatory,7.812186783811018,0.14739284615267514,4,Experiment 2,kids,7.747,6.5829582521946,-2.458457063232837,1
Crossact1_p126,random,7.16703787691222,0.16666666666666666,4,Experiment 2,kids,7.747,6.5829582521946,-1.1681592494352397,1
Crossact1_p126,novelty,7.232944464681522,0.16394955211724557,4,Experiment 2,kids,7.747,6.5829582521946,-1.299972424973845,1
Crossact1_p126,margin,6.5829582521946,0.21024522414550315,4,Experiment 2,kids,7.747,6.5829582521946,-0,1
Crossact1_p127,entropy,7.9112360327153795,0.14565802032954883,4,Experiment 2,kids,5.514,7.122232741373182,-1.5780065826843952,1
Crossact1_p127,confirmatory,7.812186783811018,0.14739284615267514,4,Experiment 2,kids,5.514,7.122232741373182,-1.379908084875673,1
Crossact1_p127,random,7.16703787691222,0.16666666666666666,4,Experiment 2,kids,5.514,7.122232741373182,-0.08961027107807595,1
Crossact1_p127,novelty,7.232944464681522,0.16394955211724557,4,Experiment 2,kids,5.514,7.122232741373182,-0.22142344661668112,1
Crossact1_p127,margin,7.122232741373182,0.20044547585099906,4,Experiment 2,kids,5.514,7.122232741373182,-0,1
Crossact1_p128,entropy,7.130402319170106,0.1744144467167003,4,Experiment 2,kids,8.044,7.130402319170106,-0,1
Crossact1_p128,confirmatory,7.812186783811018,0.14739284615267514,4,Experiment 2,kids,8.044,7.130402319170106,-1.3635689292818256,1
Crossact1_p128,random,7.16703787691222,0.16666666666666666,4,Experiment 2,kids,8.044,7.130402319170106,-0.07327111548422849,1
Crossact1_p128,novelty,7.232944464681522,0.16394955211724557,4,Experiment 2,kids,8.044,7.130402319170106,-0.20508429102283365,1
Crossact1_p128,margin,21.825737745314765,0.004856346127266509,4,Experiment 2,kids,8.044,7.130402319170106,-29.39067085228932,1
Crossact1_p129,entropy,7.130402319170106,0.1744144467167003,4,Experiment 2,kids,4.353,7.130402319170106,-0,1
Crossact1_p129,confirmatory,7.812186783811018,0.14739284615267514,4,Experiment 2,kids,4.353,7.130402319170106,-1.3635689292818256,1
Crossact1_p129,random,7.16703787691222,0.16666666666666666,4,Experiment 2,kids,4.353,7.130402319170106,-0.07327111548422849,1
Crossact1_p129,novelty,7.232944464681522,0.16394955211724557,4,Experiment 2,kids,4.353,7.130402319170106,-0.20508429102283365,1
Crossact1_p129,margin,21.825737745314765,0.004856346127266509,4,Experiment 2,kids,4.353,7.130402319170106,-29.39067085228932,1
Crossact1_p130,entropy,6.327148048488886,0.2056722273340898,4,Experiment 2,kids,8.092,6.327148048488886,-0,1
Crossact1_p130,confirmatory,7.812186783811018,0.14739284615267514,4,Experiment 2,kids,8.092,6.327148048488886,-2.9700774706442647,1
Crossact1_p130,random,7.16703787691222,0.16666666666666666,4,Experiment 2,kids,8.092,6.327148048488886,-1.6797796568466676,1
Crossact1_p130,novelty,7.232944464681522,0.16394955211724557,4,Experiment 2,kids,8.092,6.327148048488886,-1.8115928323852728,1
Crossact1_p130,margin,25.62504968320505,0.0016511845908186483,4,Experiment 2,kids,8.092,6.327148048488886,-38.595803269432324,1
Crossact1_p131,entropy,7.517939842963317,0.15740250840536746,4,Experiment 2,kids,5.167,6.248636141757243,-2.5386074024121488,1
Crossact1_p131,confirmatory,6.248636141757243,0.29364320355230467,4,Experiment 2,kids,5.167,6.248636141757243,-0,1
Crossact1_p131,random,7.16703787691222,0.16666666666666666,4,Experiment 2,kids,5.167,6.248636141757243,-1.8368034703099543,1
Crossact1_p131,novelty,7.398998363066324,0.15736147886157145,4,Experiment 2,kids,5.167,6.248636141757243,-2.3007244426181632,1
Crossact1_p131,margin,22.622270209259565,0.004325899219485764,4,Experiment 2,kids,5.167,6.248636141757243,-32.747268135004646,1
Crossact1_p132,entropy,7.1492309674157575,0.17401039615883682,4,Experiment 2,kids,8.117,7.1492309674157575,-0,1
Crossact1_p132,confirmatory,7.812186783811018,0.14739284615267514,4,Experiment 2,kids,8.117,7.1492309674157575,-1.3259116327905218,1
Crossact1_p132,random,7.16703787691222,0.16666666666666666,4,Experiment 2,kids,8.117,7.1492309674157575,-0.035613818992924706,1
Crossact1_p132,novelty,7.232944464681522,0.16394955211724557,4,Experiment 2,kids,8.117,7.1492309674157575,-0.16742699453152987,1
Crossact1_p132,margin,21.82172518207329,0.0048583093431433496,4,Experiment 2,kids,8.117,7.1492309674157575,-29.344988429315066,1
Crossact1_p133,entropy,7.111151842943195,0.17483684308523847,4,Experiment 2,kids,6.086,7.111151842943195,-0,1
Crossact1_p133,confirmatory,7.812186783811018,0.14739284615267514,4,Experiment 2,kids,6.086,7.111151842943195,-1.4020698817356472,1
Crossact1_p133,random,7.16703787691222,0.16666666666666666,4,Experiment 2,kids,6.086,7.111151842943195,-0.11177206793805006,1
Crossact1_p133,novelty,7.232944464681522,0.16394955211724557,4,Experiment 2,kids,6.086,7.111151842943195,-0.24358524347665522,1
Crossact1_p133,margin,21.82975356677761,0.004854379716710508,4,Experiment 2,kids,6.086,7.111151842943195,-29.437203447668836,1
Crossact1_p134,entropy,6.687905178400194,0.18832368318890474,4,Experiment 2,kids,4.2,5.641410925317047,-2.0929885061662947,1
Crossact1_p134,confirmatory,5.641410925317047,0.28211407223420726,4,Experiment 2,kids,4.2,5.641410925317047,-0,1
Crossact1_p134,random,7.16703787691222,0.16666666666666666,4,Experiment 2,kids,4.2,5.641410925317047,-3.0512539031903465,1
Crossact1_p134,novelty,7.39331130266757,0.1575617502953836,4,Experiment 2,kids,4.2,5.641410925317047,-3.5038007547010466,1
Crossact1_p134,margin,26.42319961758711,0.001382723769832601,4,Experiment 2,kids,4.2,5.641410925317047,-41.563577384540125,1
Crossact1_p135,entropy,7.947999055251302,0.14488791762520878,4,Experiment 2,kids,6.625,6.84889129691675,-2.1982155166691033,1
Crossact1_p135,confirmatory,7.812186783811018,0.14739284615267514,4,Experiment 2,kids,6.625,6.84889129691675,-1.926590973788537,1
Crossact1_p135,random,7.16703787691222,0.16666666666666666,4,Experiment 2,kids,6.625,6.84889129691675,-0.6362931599909398,1
Crossact1_p135,novelty,7.232944464681522,0.16394955211724557,4,Experiment 2,kids,6.625,6.84889129691675,-0.768106335529545,1
Crossact1_p135,margin,6.84889129691675,0.20548671405714752,4,Experiment 2,kids,6.625,6.84889129691675,-0,1
Crossact1_p137,entropy,7.111151842943195,0.17483684308523847,4,Experiment 2,kids,5.761,7.111151842943195,-0,1
Crossact1_p137,confirmatory,7.812186783811018,0.14739284615267514,4,Experiment 2,kids,5.761,7.111151842943195,-1.4020698817356472,1
Crossact1_p137,random,7.16703787691222,0.16666666666666666,4,Experiment 2,kids,5.761,7.111151842943195,-0.11177206793805006,1
Crossact1_p137,novelty,7.232944464681522,0.16394955211724557,4,Experiment 2,kids,5.761,7.111151842943195,-0.24358524347665522,1
Crossact1_p137,margin,21.82975356677761,0.004854379716710508,4,Experiment 2,kids,5.761,7.111151842943195,-29.437203447668836,1
Crossact1_p138,entropy,6.705598511464571,0.18788520284949395,4,Experiment 2,kids,4.097,6.705598511464571,-0,1
Crossact1_p138,confirmatory,6.829811855583669,0.30186840808845705,4,Experiment 2,kids,4.097,6.705598511464571,-0.24842668823819558,1
Crossact1_p138,random,7.16703787691222,0.16666666666666666,4,Experiment 2,kids,4.097,6.705598511464571,-0.922878730895297,1
Crossact1_p138,novelty,7.403422472708991,0.1572059637663213,4,Experiment 2,kids,4.097,6.705598511464571,-1.3956479224888394,1
Crossact1_p138,margin,26.42377489568981,0.0013826388762485462,4,Experiment 2,kids,4.097,6.705598511464571,-39.436352768450476,1
Crossact1_p139,entropy,7.111151842943195,0.17483684308523847,4,Experiment 2,kids,5.858,7.111151842943195,-0,1
Crossact1_p139,confirmatory,7.812186783811018,0.14739284615267514,4,Experiment 2,kids,5.858,7.111151842943195,-1.4020698817356472,1
Crossact1_p139,random,7.16703787691222,0.16666666666666666,4,Experiment 2,kids,5.858,7.111151842943195,-0.11177206793805006,1
Crossact1_p139,novelty,7.232944464681522,0.16394955211724557,4,Experiment 2,kids,5.858,7.111151842943195,-0.24358524347665522,1
Crossact1_p139,margin,21.82975356677761,0.004854379716710508,4,Experiment 2,kids,5.858,7.111151842943195,-29.437203447668836,1
Crossact1_p140,entropy,7.1492309674157575,0.17401039615883682,4,Experiment 2,kids,6.469,7.1492309674157575,-0,1
Crossact1_p140,confirmatory,7.812186783811018,0.14739284615267514,4,Experiment 2,kids,6.469,7.1492309674157575,-1.3259116327905218,1
Crossact1_p140,random,7.16703787691222,0.16666666666666666,4,Experiment 2,kids,6.469,7.1492309674157575,-0.035613818992924706,1
Crossact1_p140,novelty,7.232944464681522,0.16394955211724557,4,Experiment 2,kids,6.469,7.1492309674157575,-0.16742699453152987,1
Crossact1_p140,margin,21.82172518207329,0.0048583093431433496,4,Experiment 2,kids,6.469,7.1492309674157575,-29.344988429315066,1
Crossact1_p141,entropy,7.947559885379252,0.14490615995890796,4,Experiment 2,kids,7.044,6.874341395453685,-2.146436979851133,1
Crossact1_p141,confirmatory,7.812186783811018,0.14739284615267514,4,Experiment 2,kids,7.044,6.874341395453685,-1.8756907767146664,1
Crossact1_p141,random,7.16703787691222,0.16666666666666666,4,Experiment 2,kids,7.044,6.874341395453685,-0.5853929629170693,1
Crossact1_p141,novelty,7.232944464681522,0.16394955211724557,4,Experiment 2,kids,7.044,6.874341395453685,-0.7172061384556745,1
Crossact1_p141,margin,6.874341395453685,0.20452729586037524,4,Experiment 2,kids,7.044,6.874341395453685,-0,1
Crossact2_p101,entropy,3.5982461157734797,0.1654444299011763,2,Experiment 3,kids,7.063888889,2.8912869768866445,-1.4139182777736705,1
Crossact2_p101,confirmatory,2.8912869768866445,0.2403720550574216,2,Experiment 3,kids,7.063888889,2.8912869768866445,-0,1
Crossact2_p101,random,3.58351893845611,0.16666666666666666,2,Experiment 3,kids,7.063888889,2.8912869768866445,-1.3844639231389309,1
Crossact2_p101,novelty,3.687814110864336,0.15819929508777975,2,Experiment 3,kids,7.063888889,2.8912869768866445,-1.5930542679553827,1
Crossact2_p101,margin,12.01148016769372,0.002464565152143896,2,Experiment 3,kids,7.063888889,2.8912869768866445,-18.24038638161415,1
Crossact2_p102,entropy,3.5982461157734797,0.1654444299011763,2,Experiment 3,kids,4.961111111,2.8912869768866445,-1.4139182777736705,1
Crossact2_p102,confirmatory,2.8912869768866445,0.2403720550574216,2,Experiment 3,kids,4.961111111,2.8912869768866445,-0,1
Crossact2_p102,random,3.58351893845611,0.16666666666666666,2,Experiment 3,kids,4.961111111,2.8912869768866445,-1.3844639231389309,1
Crossact2_p102,novelty,3.687814110864336,0.15819929508777975,2,Experiment 3,kids,4.961111111,2.8912869768866445,-1.5930542679553827,1
Crossact2_p102,margin,12.01148016769372,0.002464565152143896,2,Experiment 3,kids,4.961111111,2.8912869768866445,-18.24038638161415,1
Crossact2_p103,entropy,3.5982461157734797,0.1654444299011763,2,Experiment 3,kids,5.972222222,2.8912869768866445,-1.4139182777736705,1
Crossact2_p103,confirmatory,2.8912869768866445,0.2403720550574216,2,Experiment 3,kids,5.972222222,2.8912869768866445,-0,1
Crossact2_p103,random,3.58351893845611,0.16666666666666666,2,Experiment 3,kids,5.972222222,2.8912869768866445,-1.3844639231389309,1
Crossact2_p103,novelty,3.687814110864336,0.15819929508777975,2,Experiment 3,kids,5.972222222,2.8912869768866445,-1.5930542679553827,1
Crossact2_p103,margin,12.01148016769372,0.002464565152143896,2,Experiment 3,kids,5.972222222,2.8912869768866445,-18.24038638161415,1
Crossact2_p104,entropy,3.5982461157734797,0.1654444299011763,2,Experiment 3,kids,6.575,2.8912869768866445,-1.4139182777736705,1
Crossact2_p104,confirmatory,2.8912869768866445,0.2403720550574216,2,Experiment 3,kids,6.575,2.8912869768866445,-0,1
Crossact2_p104,random,3.58351893845611,0.16666666666666666,2,Experiment 3,kids,6.575,2.8912869768866445,-1.3844639231389309,1
Crossact2_p104,novelty,3.687814110864336,0.15819929508777975,2,Experiment 3,kids,6.575,2.8912869768866445,-1.5930542679553827,1
Crossact2_p104,margin,12.01148016769372,0.002464565152143896,2,Experiment 3,kids,6.575,2.8912869768866445,-18.24038638161415,1
Crossact2_p105,entropy,3.5982461157734797,0.1654444299011763,2,Experiment 3,kids,6.438888889,2.8912869768866445,-1.4139182777736705,1
Crossact2_p105,confirmatory,2.8912869768866445,0.2403720550574216,2,Experiment 3,kids,6.438888889,2.8912869768866445,-0,1
Crossact2_p105,random,3.58351893845611,0.16666666666666666,2,Experiment 3,kids,6.438888889,2.8912869768866445,-1.3844639231389309,1
Crossact2_p105,novelty,3.687814110864336,0.15819929508777975,2,Experiment 3,kids,6.438888889,2.8912869768866445,-1.5930542679553827,1
Crossact2_p105,margin,12.01148016769372,0.002464565152143896,2,Experiment 3,kids,6.438888889,2.8912869768866445,-18.24038638161415,1
Crossact2_p106,entropy,3.5982461157734797,0.1654444299011763,2,Experiment 3,kids,6.088888889,2.8912869768866445,-1.4139182777736705,1
Crossact2_p106,confirmatory,2.8912869768866445,0.2403720550574216,2,Experiment 3,kids,6.088888889,2.8912869768866445,-0,1
Crossact2_p106,random,3.58351893845611,0.16666666666666666,2,Experiment 3,kids,6.088888889,2.8912869768866445,-1.3844639231389309,1
Crossact2_p106,novelty,3.687814110864336,0.15819929508777975,2,Experiment 3,kids,6.088888889,2.8912869768866445,-1.5930542679553827,1
Crossact2_p106,margin,12.01148016769372,0.002464565152143896,2,Experiment 3,kids,6.088888889,2.8912869768866445,-18.24038638161415,1
Crossact2_p107,entropy,3.5982461157734797,0.1654444299011763,2,Experiment 3,kids,7.777777778,2.8912869768866445,-1.4139182777736705,1
Crossact2_p107,confirmatory,2.8912869768866445,0.2403720550574216,2,Experiment 3,kids,7.777777778,2.8912869768866445,-0,1
Crossact2_p107,random,3.58351893845611,0.16666666666666666,2,Experiment 3,kids,7.777777778,2.8912869768866445,-1.3844639231389309,1
Crossact2_p107,novelty,3.687814110864336,0.15819929508777975,2,Experiment 3,kids,7.777777778,2.8912869768866445,-1.5930542679553827,1
Crossact2_p107,margin,12.01148016769372,0.002464565152143896,2,Experiment 3,kids,7.777777778,2.8912869768866445,-18.24038638161415,1
Crossact2_p108,entropy,3.5982461157734797,0.1654444299011763,2,Experiment 3,kids,4.561111111,2.8912869768866445,-1.4139182777736705,1
Crossact2_p108,confirmatory,2.8912869768866445,0.2403720550574216,2,Experiment 3,kids,4.561111111,2.8912869768866445,-0,1
Crossact2_p108,random,3.58351893845611,0.16666666666666666,2,Experiment 3,kids,4.561111111,2.8912869768866445,-1.3844639231389309,1
Crossact2_p108,novelty,3.687814110864336,0.15819929508777975,2,Experiment 3,kids,4.561111111,2.8912869768866445,-1.5930542679553827,1
Crossact2_p108,margin,12.01148016769372,0.002464565152143896,2,Experiment 3,kids,4.561111111,2.8912869768866445,-18.24038638161415,1
Crossact2_p109,entropy,3.5982461157734797,0.1654444299011763,2,Experiment 3,kids,7.713888889,2.8912869768866445,-1.4139182777736705,1
Crossact2_p109,confirmatory,2.8912869768866445,0.2403720550574216,2,Experiment 3,kids,7.713888889,2.8912869768866445,-0,1
Crossact2_p109,random,3.58351893845611,0.16666666666666666,2,Experiment 3,kids,7.713888889,2.8912869768866445,-1.3844639231389309,1
Crossact2_p109,novelty,3.687814110864336,0.15819929508777975,2,Experiment 3,kids,7.713888889,2.8912869768866445,-1.5930542679553827,1
Crossact2_p109,margin,12.01148016769372,0.002464565152143896,2,Experiment 3,kids,7.713888889,2.8912869768866445,-18.24038638161415,1
Crossact2_p110,entropy,3.5982461157734797,0.1654444299011763,2,Experiment 3,kids,5.586111111,2.8912869768866445,-1.4139182777736705,1
Crossact2_p110,confirmatory,2.8912869768866445,0.2403720550574216,2,Experiment 3,kids,5.586111111,2.8912869768866445,-0,1
Crossact2_p110,random,3.58351893845611,0.16666666666666666,2,Experiment 3,kids,5.586111111,2.8912869768866445,-1.3844639231389309,1
Crossact2_p110,novelty,3.687814110864336,0.15819929508777975,2,Experiment 3,kids,5.586111111,2.8912869768866445,-1.5930542679553827,1
Crossact2_p110,margin,12.01148016769372,0.002464565152143896,2,Experiment 3,kids,5.586111111,2.8912869768866445,-18.24038638161415,1
Crossact2_p111,entropy,3.5982461157734797,0.1654444299011763,2,Experiment 3,kids,4.955555556,2.8912869768866445,-1.4139182777736705,1
Crossact2_p111,confirmatory,2.8912869768866445,0.2403720550574216,2,Experiment 3,kids,4.955555556,2.8912869768866445,-0,1
Crossact2_p111,random,3.58351893845611,0.16666666666666666,2,Experiment 3,kids,4.955555556,2.8912869768866445,-1.3844639231389309,1
Crossact2_p111,novelty,3.687814110864336,0.15819929508777975,2,Experiment 3,kids,4.955555556,2.8912869768866445,-1.5930542679553827,1
Crossact2_p111,margin,12.01148016769372,0.002464565152143896,2,Experiment 3,kids,4.955555556,2.8912869768866445,-18.24038638161415,1
Crossact2_p112,entropy,3.5982461157734797,0.1654444299011763,2,Experiment 3,kids,4.955555556,2.8912869768866445,-1.4139182777736705,1
Crossact2_p112,confirmatory,2.8912869768866445,0.2403720550574216,2,Experiment 3,kids,4.955555556,2.8912869768866445,-0,1
Crossact2_p112,random,3.58351893845611,0.16666666666666666,2,Experiment 3,kids,4.955555556,2.8912869768866445,-1.3844639231389309,1
Crossact2_p112,novelty,3.687814110864336,0.15819929508777975,2,Experiment 3,kids,4.955555556,2.8912869768866445,-1.5930542679553827,1
Crossact2_p112,margin,12.01148016769372,0.002464565152143896,2,Experiment 3,kids,4.955555556,2.8912869768866445,-18.24038638161415,1
Crossact2_p113,entropy,3.5982461157734797,0.1654444299011763,2,Experiment 3,kids,6.066666667,2.8912869768866445,-1.4139182777736705,1
Crossact2_p113,confirmatory,2.8912869768866445,0.2403720550574216,2,Experiment 3,kids,6.066666667,2.8912869768866445,-0,1
Crossact2_p113,random,3.58351893845611,0.16666666666666666,2,Experiment 3,kids,6.066666667,2.8912869768866445,-1.3844639231389309,1
Crossact2_p113,novelty,3.687814110864336,0.15819929508777975,2,Experiment 3,kids,6.066666667,2.8912869768866445,-1.5930542679553827,1
Crossact2_p113,margin,12.01148016769372,0.002464565152143896,2,Experiment 3,kids,6.066666667,2.8912869768866445,-18.24038638161415,1
Crossact2_p114,entropy,3.5982461157734797,0.1654444299011763,2,Experiment 3,kids,4.227777778,2.8912869768866445,-1.4139182777736705,1
Crossact2_p114,confirmatory,2.8912869768866445,0.2403720550574216,2,Experiment 3,kids,4.227777778,2.8912869768866445,-0,1
Crossact2_p114,random,3.58351893845611,0.16666666666666666,2,Experiment 3,kids,4.227777778,2.8912869768866445,-1.3844639231389309,1
Crossact2_p114,novelty,3.687814110864336,0.15819929508777975,2,Experiment 3,kids,4.227777778,2.8912869768866445,-1.5930542679553827,1
Crossact2_p114,margin,12.01148016769372,0.002464565152143896,2,Experiment 3,kids,4.227777778,2.8912869768866445,-18.24038638161415,1
Crossact2_p115,entropy,3.5982461157734797,0.1654444299011763,2,Experiment 3,kids,4.227777778,2.8912869768866445,-1.4139182777736705,1
Crossact2_p115,confirmatory,2.8912869768866445,0.2403720550574216,2,Experiment 3,kids,4.227777778,2.8912869768866445,-0,1
Crossact2_p115,random,3.58351893845611,0.16666666666666666,2,Experiment 3,kids,4.227777778,2.8912869768866445,-1.3844639231389309,1
Crossact2_p115,novelty,3.687814110864336,0.15819929508777975,2,Experiment 3,kids,4.227777778,2.8912869768866445,-1.5930542679553827,1
Crossact2_p115,margin,12.01148016769372,0.002464565152143896,2,Experiment 3,kids,4.227777778,2.8912869768866445,-18.24038638161415,1
Crossact2_p116,entropy,3.5982461157734797,0.1654444299011763,2,Experiment 3,kids,4.766666667,2.8912869768866445,-1.4139182777736705,1
Crossact2_p116,confirmatory,2.8912869768866445,0.2403720550574216,2,Experiment 3,kids,4.766666667,2.8912869768866445,-0,1
Crossact2_p116,random,3.58351893845611,0.16666666666666666,2,Experiment 3,kids,4.766666667,2.8912869768866445,-1.3844639231389309,1
Crossact2_p116,novelty,3.687814110864336,0.15819929508777975,2,Experiment 3,kids,4.766666667,2.8912869768866445,-1.5930542679553827,1
Crossact2_p116,margin,12.01148016769372,0.002464565152143896,2,Experiment 3,kids,4.766666667,2.8912869768866445,-18.24038638161415,1
Crossact2_p117,entropy,3.5982461157734797,0.1654444299011763,2,Experiment 3,kids,4.288888889,2.8912869768866445,-1.4139182777736705,1
Crossact2_p117,confirmatory,2.8912869768866445,0.2403720550574216,2,Experiment 3,kids,4.288888889,2.8912869768866445,-0,1
Crossact2_p117,random,3.58351893845611,0.16666666666666666,2,Experiment 3,kids,4.288888889,2.8912869768866445,-1.3844639231389309,1
Crossact2_p117,novelty,3.687814110864336,0.15819929508777975,2,Experiment 3,kids,4.288888889,2.8912869768866445,-1.5930542679553827,1
Crossact2_p117,margin,12.01148016769372,0.002464565152143896,2,Experiment 3,kids,4.288888889,2.8912869768866445,-18.24038638161415,1
Crossact2_p118,entropy,3.5982461157734797,0.1654444299011763,2,Experiment 3,kids,5.130555556,2.8912869768866445,-1.4139182777736705,1
Crossact2_p118,confirmatory,2.8912869768866445,0.2403720550574216,2,Experiment 3,kids,5.130555556,2.8912869768866445,-0,1
Crossact2_p118,random,3.58351893845611,0.16666666666666666,2,Experiment 3,kids,5.130555556,2.8912869768866445,-1.3844639231389309,1
Crossact2_p118,novelty,3.687814110864336,0.15819929508777975,2,Experiment 3,kids,5.130555556,2.8912869768866445,-1.5930542679553827,1
Crossact2_p118,margin,12.01148016769372,0.002464565152143896,2,Experiment 3,kids,5.130555556,2.8912869768866445,-18.24038638161415,1
Crossact2_p119,entropy,3.5982461157734797,0.1654444299011763,2,Experiment 3,kids,6.627777778,2.8912869768866445,-1.4139182777736705,1
Crossact2_p119,confirmatory,2.8912869768866445,0.2403720550574216,2,Experiment 3,kids,6.627777778,2.8912869768866445,-0,1
Crossact2_p119,random,3.58351893845611,0.16666666666666666,2,Experiment 3,kids,6.627777778,2.8912869768866445,-1.3844639231389309,1
Crossact2_p119,novelty,3.687814110864336,0.15819929508777975,2,Experiment 3,kids,6.627777778,2.8912869768866445,-1.5930542679553827,1
Crossact2_p119,margin,12.01148016769372,0.002464565152143896,2,Experiment 3,kids,6.627777778,2.8912869768866445,-18.24038638161415,1
Crossact2_p120,entropy,3.6901753457447644,0.15802975398511804,2,Experiment 3,kids,5.602777778,0.7391049721080807,-5.902140747273368,1
Crossact2_p120,confirmatory,0.7391049721080807,0.6985499825885526,2,Experiment 3,kids,5.602777778,0.7391049721080807,-0,1
Crossact2_p120,random,3.58351893845611,0.16666666666666666,2,Experiment 3,kids,5.602777778,0.7391049721080807,-5.688827932696059,1
Crossact2_p120,novelty,3.8352630622470514,0.1469693516314999,2,Experiment 3,kids,5.602777778,0.7391049721080807,-6.192316180277942,1
Crossact2_p120,margin,14.230949759019524,8.290232047291286e-4,2,Experiment 3,kids,5.602777778,0.7391049721080807,-26.983689573822886,1
Crossact2_p121,entropy,3.5982461157734797,0.1654444299011763,2,Experiment 3,kids,4.086111111,2.8912869768866445,-1.4139182777736705,1
Crossact2_p121,confirmatory,2.8912869768866445,0.2403720550574216,2,Experiment 3,kids,4.086111111,2.8912869768866445,-0,1
Crossact2_p121,random,3.58351893845611,0.16666666666666666,2,Experiment 3,kids,4.086111111,2.8912869768866445,-1.3844639231389309,1
Crossact2_p121,novelty,3.687814110864336,0.15819929508777975,2,Experiment 3,kids,4.086111111,2.8912869768866445,-1.5930542679553827,1
Crossact2_p121,margin,12.01148016769372,0.002464565152143896,2,Experiment 3,kids,4.086111111,2.8912869768866445,-18.24038638161415,1
Crossact2_p122,entropy,3.5982461157734797,0.1654444299011763,2,Experiment 3,kids,4.422222222,2.8912869768866445,-1.4139182777736705,1
Crossact2_p122,confirmatory,2.8912869768866445,0.2403720550574216,2,Experiment 3,kids,4.422222222,2.8912869768866445,-0,1
Crossact2_p122,random,3.58351893845611,0.16666666666666666,2,Experiment 3,kids,4.422222222,2.8912869768866445,-1.3844639231389309,1
Crossact2_p122,novelty,3.687814110864336,0.15819929508777975,2,Experiment 3,kids,4.422222222,2.8912869768866445,-1.5930542679553827,1
Crossact2_p122,margin,12.01148016769372,0.002464565152143896,2,Experiment 3,kids,4.422222222,2.8912869768866445,-18.24038638161415,1
Crossact2_p123,entropy,3.5982461157734797,0.1654444299011763,2,Experiment 3,kids,4.280555556,2.8912869768866445,-1.4139182777736705,1
Crossact2_p123,confirmatory,2.8912869768866445,0.2403720550574216,2,Experiment 3,kids,4.280555556,2.8912869768866445,-0,1
Crossact2_p123,random,3.58351893845611,0.16666666666666666,2,Experiment 3,kids,4.280555556,2.8912869768866445,-1.3844639231389309,1
Crossact2_p123,novelty,3.687814110864336,0.15819929508777975,2,Experiment 3,kids,4.280555556,2.8912869768866445,-1.5930542679553827,1
Crossact2_p123,margin,12.01148016769372,0.002464565152143896,2,Experiment 3,kids,4.280555556,2.8912869768866445,-18.24038638161415,1
Crossact2_p124,entropy,3.5982461157734797,0.1654444299011763,2,Experiment 3,kids,5.186111111,2.8912869768866445,-1.4139182777736705,1
Crossact2_p124,confirmatory,2.8912869768866445,0.2403720550574216,2,Experiment 3,kids,5.186111111,2.8912869768866445,-0,1
Crossact2_p124,random,3.58351893845611,0.16666666666666666,2,Experiment 3,kids,5.186111111,2.8912869768866445,-1.3844639231389309,1
Crossact2_p124,novelty,3.687814110864336,0.15819929508777975,2,Experiment 3,kids,5.186111111,2.8912869768866445,-1.5930542679553827,1
Crossact2_p124,margin,12.01148016769372,0.002464565152143896,2,Experiment 3,kids,5.186111111,2.8912869768866445,-18.24038638161415,1
Crossact2_p125,entropy,3.5982461157734797,0.1654444299011763,2,Experiment 3,kids,5.158333333,2.8912869768866445,-1.4139182777736705,1
Crossact2_p125,confirmatory,2.8912869768866445,0.2403720550574216,2,Experiment 3,kids,5.158333333,2.8912869768866445,-0,1
Crossact2_p125,random,3.58351893845611,0.16666666666666666,2,Experiment 3,kids,5.158333333,2.8912869768866445,-1.3844639231389309,1
Crossact2_p125,novelty,3.687814110864336,0.15819929508777975,2,Experiment 3,kids,5.158333333,2.8912869768866445,-1.5930542679553827,1
Crossact2_p125,margin,12.01148016769372,0.002464565152143896,2,Experiment 3,kids,5.158333333,2.8912869768866445,-18.24038638161415,1
Crossact2_p126,entropy,3.5982461157734797,0.1654444299011763,2,Experiment 3,kids,5.080555556,2.8912869768866445,-1.4139182777736705,1
Crossact2_p126,confirmatory,2.8912869768866445,0.2403720550574216,2,Experiment 3,kids,5.080555556,2.8912869768866445,-0,1
Crossact2_p126,random,3.58351893845611,0.16666666666666666,2,Experiment 3,kids,5.080555556,2.8912869768866445,-1.3844639231389309,1
Crossact2_p126,novelty,3.687814110864336,0.15819929508777975,2,Experiment 3,kids,5.080555556,2.8912869768866445,-1.5930542679553827,1
Crossact2_p126,margin,12.01148016769372,0.002464565152143896,2,Experiment 3,kids,5.080555556,2.8912869768866445,-18.24038638161415,1
Crossact2_p127,entropy,3.5982461157734797,0.1654444299011763,2,Experiment 3,kids,5.444444444,2.8912869768866445,-1.4139182777736705,1
Crossact2_p127,confirmatory,2.8912869768866445,0.2403720550574216,2,Experiment 3,kids,5.444444444,2.8912869768866445,-0,1
Crossact2_p127,random,3.58351893845611,0.16666666666666666,2,Experiment 3,kids,5.444444444,2.8912869768866445,-1.3844639231389309,1
Crossact2_p127,novelty,3.687814110864336,0.15819929508777975,2,Experiment 3,kids,5.444444444,2.8912869768866445,-1.5930542679553827,1
Crossact2_p127,margin,12.01148016769372,0.002464565152143896,2,Experiment 3,kids,5.444444444,2.8912869768866445,-18.24038638161415,1
Crossact2_p128,entropy,3.5982461157734797,0.1654444299011763,2,Experiment 3,kids,4.491666667,2.8912869768866445,-1.4139182777736705,1
Crossact2_p128,confirmatory,2.8912869768866445,0.2403720550574216,2,Experiment 3,kids,4.491666667,2.8912869768866445,-0,1
Crossact2_p128,random,3.58351893845611,0.16666666666666666,2,Experiment 3,kids,4.491666667,2.8912869768866445,-1.3844639231389309,1
Crossact2_p128,novelty,3.687814110864336,0.15819929508777975,2,Experiment 3,kids,4.491666667,2.8912869768866445,-1.5930542679553827,1
Crossact2_p128,margin,12.01148016769372,0.002464565152143896,2,Experiment 3,kids,4.491666667,2.8912869768866445,-18.24038638161415,1
Crossact2_p128.5,entropy,3.5982461157734797,0.1654444299011763,2,Experiment 3,kids,3.291666667,2.8912869768866445,-1.4139182777736705,1
Crossact2_p128.5,confirmatory,2.8912869768866445,0.2403720550574216,2,Experiment 3,kids,3.291666667,2.8912869768866445,-0,1
Crossact2_p128.5,random,3.58351893845611,0.16666666666666666,2,Experiment 3,kids,3.291666667,2.8912869768866445,-1.3844639231389309,1
Crossact2_p128.5,novelty,3.687814110864336,0.15819929508777975,2,Experiment 3,kids,3.291666667,2.8912869768866445,-1.5930542679553827,1
Crossact2_p128.5,margin,12.01148016769372,0.002464565152143896,2,Experiment 3,kids,3.291666667,2.8912869768866445,-18.24038638161415,1
Crossact2_p129,entropy,3.5982461157734797,0.1654444299011763,2,Experiment 3,kids,4.441666667,2.8912869768866445,-1.4139182777736705,1
Crossact2_p129,confirmatory,2.8912869768866445,0.2403720550574216,2,Experiment 3,kids,4.441666667,2.8912869768866445,-0,1
Crossact2_p129,random,3.58351893845611,0.16666666666666666,2,Experiment 3,kids,4.441666667,2.8912869768866445,-1.3844639231389309,1
Crossact2_p129,novelty,3.687814110864336,0.15819929508777975,2,Experiment 3,kids,4.441666667,2.8912869768866445,-1.5930542679553827,1
Crossact2_p129,margin,12.01148016769372,0.002464565152143896,2,Experiment 3,kids,4.441666667,2.8912869768866445,-18.24038638161415,1
Crossact2_p130,entropy,3.5982461157734797,0.1654444299011763,2,Experiment 3,kids,5.997222222,2.8912869768866445,-1.4139182777736705,1
Crossact2_p130,confirmatory,2.8912869768866445,0.2403720550574216,2,Experiment 3,kids,5.997222222,2.8912869768866445,-0,1
Crossact2_p130,random,3.58351893845611,0.16666666666666666,2,Experiment 3,kids,5.997222222,2.8912869768866445,-1.3844639231389309,1
Crossact2_p130,novelty,3.687814110864336,0.15819929508777975,2,Experiment 3,kids,5.997222222,2.8912869768866445,-1.5930542679553827,1
Crossact2_p130,margin,12.01148016769372,0.002464565152143896,2,Experiment 3,kids,5.997222222,2.8912869768866445,-18.24038638161415,1
Crossact2_p131,entropy,3.5982461157734797,0.1654444299011763,2,Experiment 3,kids,7.336111111,2.8912869768866445,-1.4139182777736705,1
Crossact2_p131,confirmatory,2.8912869768866445,0.2403720550574216,2,Experiment 3,kids,7.336111111,2.8912869768866445,-0,1
Crossact2_p131,random,3.58351893845611,0.16666666666666666,2,Experiment 3,kids,7.336111111,2.8912869768866445,-1.3844639231389309,1
Crossact2_p131,novelty,3.687814110864336,0.15819929508777975,2,Experiment 3,kids,7.336111111,2.8912869768866445,-1.5930542679553827,1
Crossact2_p131,margin,12.01148016769372,0.002464565152143896,2,Experiment 3,kids,7.336111111,2.8912869768866445,-18.24038638161415,1
Crossact2_p132,entropy,3.5982461157734797,0.1654444299011763,2,Experiment 3,kids,4.808333333,2.8912869768866445,-1.4139182777736705,1
Crossact2_p132,confirmatory,2.8912869768866445,0.2403720550574216,2,Experiment 3,kids,4.808333333,2.8912869768866445,-0,1
Crossact2_p132,random,3.58351893845611,0.16666666666666666,2,Experiment 3,kids,4.808333333,2.8912869768866445,-1.3844639231389309,1
Crossact2_p132,novelty,3.687814110864336,0.15819929508777975,2,Experiment 3,kids,4.808333333,2.8912869768866445,-1.5930542679553827,1
Crossact2_p132,margin,12.01148016769372,0.002464565152143896,2,Experiment 3,kids,4.808333333,2.8912869768866445,-18.24038638161415,1
Crossact2_p133,entropy,3.5982461157734797,0.1654444299011763,2,Experiment 3,kids,4.144444444,2.8912869768866445,-1.4139182777736705,1
Crossact2_p133,confirmatory,2.8912869768866445,0.2403720550574216,2,Experiment 3,kids,4.144444444,2.8912869768866445,-0,1
Crossact2_p133,random,3.58351893845611,0.16666666666666666,2,Experiment 3,kids,4.144444444,2.8912869768866445,-1.3844639231389309,1
Crossact2_p133,novelty,3.687814110864336,0.15819929508777975,2,Experiment 3,kids,4.144444444,2.8912869768866445,-1.5930542679553827,1
Crossact2_p133,margin,12.01148016769372,0.002464565152143896,2,Experiment 3,kids,4.144444444,2.8912869768866445,-18.24038638161415,1
Crossact2_p134,entropy,3.5982461157734797,0.1654444299011763,2,Experiment 3,kids,4.163888889,2.8912869768866445,-1.4139182777736705,1
Crossact2_p134,confirmatory,2.8912869768866445,0.2403720550574216,2,Experiment 3,kids,4.163888889,2.8912869768866445,-0,1
Crossact2_p134,random,3.58351893845611,0.16666666666666666,2,Experiment 3,kids,4.163888889,2.8912869768866445,-1.3844639231389309,1
Crossact2_p134,novelty,3.687814110864336,0.15819929508777975,2,Experiment 3,kids,4.163888889,2.8912869768866445,-1.5930542679553827,1
Crossact2_p134,margin,12.01148016769372,0.002464565152143896,2,Experiment 3,kids,4.163888889,2.8912869768866445,-18.24038638161415,1
Crossact2_p135,entropy,3.5982461157734797,0.1654444299011763,2,Experiment 3,kids,5.858333333,2.8912869768866445,-1.4139182777736705,1
Crossact2_p135,confirmatory,2.8912869768866445,0.2403720550574216,2,Experiment 3,kids,5.858333333,2.8912869768866445,-0,1
Crossact2_p135,random,3.58351893845611,0.16666666666666666,2,Experiment 3,kids,5.858333333,2.8912869768866445,-1.3844639231389309,1
Crossact2_p135,novelty,3.687814110864336,0.15819929508777975,2,Experiment 3,kids,5.858333333,2.8912869768866445,-1.5930542679553827,1
Crossact2_p135,margin,12.01148016769372,0.002464565152143896,2,Experiment 3,kids,5.858333333,2.8912869768866445,-18.24038638161415,1
Crossact2_p136,entropy,3.5982461157734797,0.1654444299011763,2,Experiment 3,kids,7.461111111,2.8912869768866445,-1.4139182777736705,1
Crossact2_p136,confirmatory,2.8912869768866445,0.2403720550574216,2,Experiment 3,kids,7.461111111,2.8912869768866445,-0,1
Crossact2_p136,random,3.58351893845611,0.16666666666666666,2,Experiment 3,kids,7.461111111,2.8912869768866445,-1.3844639231389309,1
Crossact2_p136,novelty,3.687814110864336,0.15819929508777975,2,Experiment 3,kids,7.461111111,2.8912869768866445,-1.5930542679553827,1
Crossact2_p136,margin,12.01148016769372,0.002464565152143896,2,Experiment 3,kids,7.461111111,2.8912869768866445,-18.24038638161415,1
Crossact2_p137,entropy,3.5982461157734797,0.1654444299011763,2,Experiment 3,kids,5.063888889,2.8912869768866445,-1.4139182777736705,1
Crossact2_p137,confirmatory,2.8912869768866445,0.2403720550574216,2,Experiment 3,kids,5.063888889,2.8912869768866445,-0,1
Crossact2_p137,random,3.58351893845611,0.16666666666666666,2,Experiment 3,kids,5.063888889,2.8912869768866445,-1.3844639231389309,1
Crossact2_p137,novelty,3.687814110864336,0.15819929508777975,2,Experiment 3,kids,5.063888889,2.8912869768866445,-1.5930542679553827,1
Crossact2_p137,margin,12.01148016769372,0.002464565152143896,2,Experiment 3,kids,5.063888889,2.8912869768866445,-18.24038638161415,1
Crossact2_p138,entropy,3.5982461157734797,0.1654444299011763,2,Experiment 3,kids,5.972222222,2.8912869768866445,-1.4139182777736705,1
Crossact2_p138,confirmatory,2.8912869768866445,0.2403720550574216,2,Experiment 3,kids,5.972222222,2.8912869768866445,-0,1
Crossact2_p138,random,3.58351893845611,0.16666666666666666,2,Experiment 3,kids,5.972222222,2.8912869768866445,-1.3844639231389309,1
Crossact2_p138,novelty,3.687814110864336,0.15819929508777975,2,Experiment 3,kids,5.972222222,2.8912869768866445,-1.5930542679553827,1
Crossact2_p138,margin,12.01148016769372,0.002464565152143896,2,Experiment 3,kids,5.972222222,2.8912869768866445,-18.24038638161415,1
Crossact2_p139,entropy,3.5982461157734797,0.1654444299011763,2,Experiment 3,kids,7.161111111,2.8912869768866445,-1.4139182777736705,1
Crossact2_p139,confirmatory,2.8912869768866445,0.2403720550574216,2,Experiment 3,kids,7.161111111,2.8912869768866445,-0,1
Crossact2_p139,random,3.58351893845611,0.16666666666666666,2,Experiment 3,kids,7.161111111,2.8912869768866445,-1.3844639231389309,1
Crossact2_p139,novelty,3.687814110864336,0.15819929508777975,2,Experiment 3,kids,7.161111111,2.8912869768866445,-1.5930542679553827,1
Crossact2_p139,margin,12.01148016769372,0.002464565152143896,2,Experiment 3,kids,7.161111111,2.8912869768866445,-18.24038638161415,1
Crossact2_p140,entropy,3.5982461157734797,0.1654444299011763,2,Experiment 3,kids,3.930555556,2.8912869768866445,-1.4139182777736705,1
Crossact2_p140,confirmatory,2.8912869768866445,0.2403720550574216,2,Experiment 3,kids,3.930555556,2.8912869768866445,-0,1
Crossact2_p140,random,3.58351893845611,0.16666666666666666,2,Experiment 3,kids,3.930555556,2.8912869768866445,-1.3844639231389309,1
Crossact2_p140,novelty,3.687814110864336,0.15819929508777975,2,Experiment 3,kids,3.930555556,2.8912869768866445,-1.5930542679553827,1
Crossact2_p140,margin,12.01148016769372,0.002464565152143896,2,Experiment 3,kids,3.930555556,2.8912869768866445,-18.24038638161415,1
Crossact2_p142,entropy,3.5982461157734797,0.1654444299011763,2,Experiment 3,kids,7.161111111,2.8912869768866445,-1.4139182777736705,1
Crossact2_p142,confirmatory,2.8912869768866445,0.2403720550574216,2,Experiment 3,kids,7.161111111,2.8912869768866445,-0,1
Crossact2_p142,random,3.58351893845611,0.16666666666666666,2,Experiment 3,kids,7.161111111,2.8912869768866445,-1.3844639231389309,1
Crossact2_p142,novelty,3.687814110864336,0.15819929508777975,2,Experiment 3,kids,7.161111111,2.8912869768866445,-1.5930542679553827,1
Crossact2_p142,margin,12.01148016769372,0.002464565152143896,2,Experiment 3,kids,7.161111111,2.8912869768866445,-18.24038638161415,1
Crossact2_p143,entropy,3.5982461157734797,0.1654444299011763,2,Experiment 3,kids,3.341666667,2.8912869768866445,-1.4139182777736705,1
Crossact2_p143,confirmatory,2.8912869768866445,0.2403720550574216,2,Experiment 3,kids,3.341666667,2.8912869768866445,-0,1
Crossact2_p143,random,3.58351893845611,0.16666666666666666,2,Experiment 3,kids,3.341666667,2.8912869768866445,-1.3844639231389309,1
Crossact2_p143,novelty,3.687814110864336,0.15819929508777975,2,Experiment 3,kids,3.341666667,2.8912869768866445,-1.5930542679553827,1
Crossact2_p143,margin,12.01148016769372,0.002464565152143896,2,Experiment 3,kids,3.341666667,2.8912869768866445,-18.24038638161415,1
Crossact2_p144,entropy,3.5982461157734797,0.1654444299011763,2,Experiment 3,kids,7.836111111,2.8912869768866445,-1.4139182777736705,1
Crossact2_p144,confirmatory,2.8912869768866445,0.2403720550574216,2,Experiment 3,kids,7.836111111,2.8912869768866445,-0,1
Crossact2_p144,random,3.58351893845611,0.16666666666666666,2,Experiment 3,kids,7.836111111,2.8912869768866445,-1.3844639231389309,1
Crossact2_p144,novelty,3.687814110864336,0.15819929508777975,2,Experiment 3,kids,7.836111111,2.8912869768866445,-1.5930542679553827,1
Crossact2_p144,margin,12.01148016769372,0.002464565152143896,2,Experiment 3,kids,7.836111111,2.8912869768866445,-18.24038638161415,1
Crossact2_p145,entropy,3.5982461157734797,0.1654444299011763,2,Experiment 3,kids,6.166666667,2.8912869768866445,-1.4139182777736705,1
Crossact2_p145,confirmatory,2.8912869768866445,0.2403720550574216,2,Experiment 3,kids,6.166666667,2.8912869768866445,-0,1
Crossact2_p145,random,3.58351893845611,0.16666666666666666,2,Experiment 3,kids,6.166666667,2.8912869768866445,-1.3844639231389309,1
Crossact2_p145,novelty,3.687814110864336,0.15819929508777975,2,Experiment 3,kids,6.166666667,2.8912869768866445,-1.5930542679553827,1
Crossact2_p145,margin,12.01148016769372,0.002464565152143896,2,Experiment 3,kids,6.166666667,2.8912869768866445,-18.24038638161415,1
Crossact2_p146,entropy,3.5982461157734797,0.1654444299011763,2,Experiment 3,kids,6.433333333,2.8912869768866445,-1.4139182777736705,1
Crossact2_p146,confirmatory,2.8912869768866445,0.2403720550574216,2,Experiment 3,kids,6.433333333,2.8912869768866445,-0,1
Crossact2_p146,random,3.58351893845611,0.16666666666666666,2,Experiment 3,kids,6.433333333,2.8912869768866445,-1.3844639231389309,1
Crossact2_p146,novelty,3.687814110864336,0.15819929508777975,2,Experiment 3,kids,6.433333333,2.8912869768866445,-1.5930542679553827,1
Crossact2_p146,margin,12.01148016769372,0.002464565152143896,2,Experiment 3,kids,6.433333333,2.8912869768866445,-18.24038638161415,1
Crossact2_p147,entropy,3.5982461157734797,0.1654444299011763,2,Experiment 3,kids,6.036111111,2.8912869768866445,-1.4139182777736705,1
Crossact2_p147,confirmatory,2.8912869768866445,0.2403720550574216,2,Experiment 3,kids,6.036111111,2.8912869768866445,-0,1
Crossact2_p147,random,3.58351893845611,0.16666666666666666,2,Experiment 3,kids,6.036111111,2.8912869768866445,-1.3844639231389309,1
Crossact2_p147,novelty,3.687814110864336,0.15819929508777975,2,Experiment 3,kids,6.036111111,2.8912869768866445,-1.5930542679553827,1
Crossact2_p147,margin,12.01148016769372,0.002464565152143896,2,Experiment 3,kids,6.036111111,2.8912869768866445,-18.24038638161415,1
Crossact2_p148,entropy,3.5982461157734797,0.1654444299011763,2,Experiment 3,kids,5.652777778,2.8912869768866445,-1.4139182777736705,1
Crossact2_p148,confirmatory,2.8912869768866445,0.2403720550574216,2,Experiment 3,kids,5.652777778,2.8912869768866445,-0,1
Crossact2_p148,random,3.58351893845611,0.16666666666666666,2,Experiment 3,kids,5.652777778,2.8912869768866445,-1.3844639231389309,1
Crossact2_p148,novelty,3.687814110864336,0.15819929508777975,2,Experiment 3,kids,5.652777778,2.8912869768866445,-1.5930542679553827,1
Crossact2_p148,margin,12.01148016769372,0.002464565152143896,2,Experiment 3,kids,5.652777778,2.8912869768866445,-18.24038638161415,1
Crossact2_p149,entropy,3.5982461157734797,0.1654444299011763,2,Experiment 3,kids,6.1,2.8912869768866445,-1.4139182777736705,1
Crossact2_p149,confirmatory,2.8912869768866445,0.2403720550574216,2,Experiment 3,kids,6.1,2.8912869768866445,-0,1
Crossact2_p149,random,3.58351893845611,0.16666666666666666,2,Experiment 3,kids,6.1,2.8912869768866445,-1.3844639231389309,1
Crossact2_p149,novelty,3.687814110864336,0.15819929508777975,2,Experiment 3,kids,6.1,2.8912869768866445,-1.5930542679553827,1
Crossact2_p149,margin,12.01148016769372,0.002464565152143896,2,Experiment 3,kids,6.1,2.8912869768866445,-18.24038638161415,1
Crossact2_p150,entropy,3.5982461157734797,0.1654444299011763,2,Experiment 3,kids,7.883333333,2.8912869768866445,-1.4139182777736705,1
Crossact2_p150,confirmatory,2.8912869768866445,0.2403720550574216,2,Experiment 3,kids,7.883333333,2.8912869768866445,-0,1
Crossact2_p150,random,3.58351893845611,0.16666666666666666,2,Experiment 3,kids,7.883333333,2.8912869768866445,-1.3844639231389309,1
Crossact2_p150,novelty,3.687814110864336,0.15819929508777975,2,Experiment 3,kids,7.883333333,2.8912869768866445,-1.5930542679553827,1
Crossact2_p150,margin,12.01148016769372,0.002464565152143896,2,Experiment 3,kids,7.883333333,2.8912869768866445,-18.24038638161415,1
Crossact2_p152,entropy,3.5982461157734797,0.1654444299011763,2,Experiment 3,kids,4.877777778,2.8912869768866445,-1.4139182777736705,1
Crossact2_p152,confirmatory,2.8912869768866445,0.2403720550574216,2,Experiment 3,kids,4.877777778,2.8912869768866445,-0,1
Crossact2_p152,random,3.58351893845611,0.16666666666666666,2,Experiment 3,kids,4.877777778,2.8912869768866445,-1.3844639231389309,1
Crossact2_p152,novelty,3.687814110864336,0.15819929508777975,2,Experiment 3,kids,4.877777778,2.8912869768866445,-1.5930542679553827,1
Crossact2_p152,margin,12.01148016769372,0.002464565152143896,2,Experiment 3,kids,4.877777778,2.8912869768866445,-18.24038638161415,1
Crossact2_p153,entropy,3.5982461157734797,0.1654444299011763,2,Experiment 3,kids,4.241666667,2.8912869768866445,-1.4139182777736705,1
Crossact2_p153,confirmatory,2.8912869768866445,0.2403720550574216,2,Experiment 3,kids,4.241666667,2.8912869768866445,-0,1
Crossact2_p153,random,3.58351893845611,0.16666666666666666,2,Experiment 3,kids,4.241666667,2.8912869768866445,-1.3844639231389309,1
Crossact2_p153,novelty,3.687814110864336,0.15819929508777975,2,Experiment 3,kids,4.241666667,2.8912869768866445,-1.5930542679553827,1
Crossact2_p153,margin,12.01148016769372,0.002464565152143896,2,Experiment 3,kids,4.241666667,2.8912869768866445,-18.24038638161415,1
Crossact2_p154,entropy,3.5982461157734797,0.1654444299011763,2,Experiment 3,kids,7.005555556,2.8912869768866445,-1.4139182777736705,1
Crossact2_p154,confirmatory,2.8912869768866445,0.2403720550574216,2,Experiment 3,kids,7.005555556,2.8912869768866445,-0,1
Crossact2_p154,random,3.58351893845611,0.16666666666666666,2,Experiment 3,kids,7.005555556,2.8912869768866445,-1.3844639231389309,1
Crossact2_p154,novelty,3.687814110864336,0.15819929508777975,2,Experiment 3,kids,7.005555556,2.8912869768866445,-1.5930542679553827,1
Crossact2_p154,margin,12.01148016769372,0.002464565152143896,2,Experiment 3,kids,7.005555556,2.8912869768866445,-18.24038638161415,1
Crossact2_p155,entropy,3.5982461157734797,0.1654444299011763,2,Experiment 3,kids,6.230555556,2.8912869768866445,-1.4139182777736705,1
Crossact2_p155,confirmatory,2.8912869768866445,0.2403720550574216,2,Experiment 3,kids,6.230555556,2.8912869768866445,-0,1
Crossact2_p155,random,3.58351893845611,0.16666666666666666,2,Experiment 3,kids,6.230555556,2.8912869768866445,-1.3844639231389309,1
Crossact2_p155,novelty,3.687814110864336,0.15819929508777975,2,Experiment 3,kids,6.230555556,2.8912869768866445,-1.5930542679553827,1
Crossact2_p155,margin,12.01148016769372,0.002464565152143896,2,Experiment 3,kids,6.230555556,2.8912869768866445,-18.24038638161415,1
Crossact2_p156,entropy,3.5982461157734797,0.1654444299011763,2,Experiment 3,kids,6.213888889,2.8912869768866445,-1.4139182777736705,1
Crossact2_p156,confirmatory,2.8912869768866445,0.2403720550574216,2,Experiment 3,kids,6.213888889,2.8912869768866445,-0,1
Crossact2_p156,random,3.58351893845611,0.16666666666666666,2,Experiment 3,kids,6.213888889,2.8912869768866445,-1.3844639231389309,1
Crossact2_p156,novelty,3.687814110864336,0.15819929508777975,2,Experiment 3,kids,6.213888889,2.8912869768866445,-1.5930542679553827,1
Crossact2_p156,margin,12.01148016769372,0.002464565152143896,2,Experiment 3,kids,6.213888889,2.8912869768866445,-18.24038638161415,1
Crossact2_p157,entropy,3.5982461157734797,0.1654444299011763,2,Experiment 3,kids,4.555555556,2.8912869768866445,-1.4139182777736705,1
Crossact2_p157,confirmatory,2.8912869768866445,0.2403720550574216,2,Experiment 3,kids,4.555555556,2.8912869768866445,-0,1
Crossact2_p157,random,3.58351893845611,0.16666666666666666,2,Experiment 3,kids,4.555555556,2.8912869768866445,-1.3844639231389309,1
Crossact2_p157,novelty,3.687814110864336,0.15819929508777975,2,Experiment 3,kids,4.555555556,2.8912869768866445,-1.5930542679553827,1
Crossact2_p157,margin,12.01148016769372,0.002464565152143896,2,Experiment 3,kids,4.555555556,2.8912869768866445,-18.24038638161415,1
Crossact2_p158,entropy,3.6901753457447644,0.15802975398511804,2,Experiment 3,kids,5.644444444,0.7391049721080807,-5.902140747273368,1
Crossact2_p158,confirmatory,0.7391049721080807,0.6985499825885526,2,Experiment 3,kids,5.644444444,0.7391049721080807,-0,1
Crossact2_p158,random,3.58351893845611,0.16666666666666666,2,Experiment 3,kids,5.644444444,0.7391049721080807,-5.688827932696059,1
Crossact2_p158,novelty,3.8352630622470514,0.1469693516314999,2,Experiment 3,kids,5.644444444,0.7391049721080807,-6.192316180277942,1
Crossact2_p158,margin,14.230949759019524,8.290232047291286e-4,2,Experiment 3,kids,5.644444444,0.7391049721080807,-26.983689573822886,1
Crossact2_p159,entropy,3.5982461157734797,0.1654444299011763,2,Experiment 3,kids,5.983333333,2.8912869768866445,-1.4139182777736705,1
Crossact2_p159,confirmatory,2.8912869768866445,0.2403720550574216,2,Experiment 3,kids,5.983333333,2.8912869768866445,-0,1
Crossact2_p159,random,3.58351893845611,0.16666666666666666,2,Experiment 3,kids,5.983333333,2.8912869768866445,-1.3844639231389309,1
Crossact2_p159,novelty,3.687814110864336,0.15819929508777975,2,Experiment 3,kids,5.983333333,2.8912869768866445,-1.5930542679553827,1
Crossact2_p159,margin,12.01148016769372,0.002464565152143896,2,Experiment 3,kids,5.983333333,2.8912869768866445,-18.24038638161415,1
p105551,entropy,9.449889793871009,0.09474729453341124,4,Experiment 1,adults,41,7.730067839875658,-3.4396439079907015,1
p105551,confirmatory,7.730067839875658,0.1997997464349179,4,Experiment 1,adults,41,7.730067839875658,-0,1
p105551,random,8.317766166719343,0.125,4,Experiment 1,adults,41,7.730067839875658,-1.1753966536873701,1
p105551,novelty,8.361906638249199,0.12363794613222272,4,Experiment 1,adults,41,7.730067839875658,-1.2636775967470815,1
p105551,margin,20.35105023209566,0.006829166509555023,4,Experiment 1,adults,41,7.730067839875658,-25.24196478444,1
p108449,entropy,9.60048740611365,0.09237367842827988,4,Experiment 1,adults,30,7.189077952857928,-4.822818906511445,1
p108449,confirmatory,7.189077952857928,0.30777400295473994,4,Experiment 1,adults,30,7.189077952857928,-0,1
p108449,random,8.317766166719343,0.125,4,Experiment 1,adults,30,7.189077952857928,-2.2573764277228303,1
p108449,novelty,8.392299005741217,0.12271173167933574,4,Experiment 1,adults,30,7.189077952857928,-2.406442105766578,1
p108449,margin,17.76085474394591,0.12659809415657958,4,Experiment 1,adults,30,7.189077952857928,-21.14355358217596,1
p111104,entropy,8.6863300630616,0.11496574763081979,4,Experiment S1,adults,18,7.739349121231854,-1.8939618836594931,1
p111104,confirmatory,9.170481187545114,0.12110692555534376,4,Experiment S1,adults,18,7.739349121231854,-2.862264132626521,1
p111104,random,8.317766166719343,0.125,4,Experiment S1,adults,18,7.739349121231854,-1.1568340909749786,1
p111104,novelty,8.326534103786354,0.12473078437416311,4,Experiment S1,adults,18,7.739349121231854,-1.1743699651090012,1
p111104,margin,7.739349121231854,0.14732229253104215,4,Experiment S1,adults,18,7.739349121231854,-0,1
p135064,entropy,8.950412627152613,0.11122061102694039,4,Experiment S1,adults,19,7.664343295779434,-2.5721386627463563,1
p135064,confirmatory,9.412066839905336,0.12365970416790717,4,Experiment S1,adults,19,7.664343295779434,-3.4954470882518027,1
p135064,random,8.317766166719343,0.125,4,Experiment S1,adults,19,7.664343295779434,-1.3068457418798172,1
p135064,novelty,8.327051456916422,0.12471581631754754,4,Experiment S1,adults,19,7.664343295779434,-1.3254163222739752,1
p135064,margin,7.664343295779434,0.17188060135490094,4,Experiment S1,adults,19,7.664343295779434,-0,1
p147453,entropy,8.419342976859706,0.12526282915614279,4,Experiment 1,adults,24,8.317766166719343,-0.2031536202807267,1
p147453,confirmatory,9.508281483334404,0.11050014144174744,4,Experiment 1,adults,24,8.317766166719343,-2.3810306332301217,1
p147453,random,8.317766166719343,0.125,4,Experiment 1,adults,24,8.317766166719343,-0,1
p147453,novelty,8.329724136079898,0.1246313493449185,4,Experiment 1,adults,24,8.317766166719343,-0.023915938721110308,1
p147453,margin,21.585785547742905,0.00586218553990012,4,Experiment 1,adults,24,8.317766166719343,-26.536038762047124,1
p164727,entropy,8.039714839628699,0.13409002878739018,4,Experiment S1,adults,19,8.039714839628699,-0,1
p164727,confirmatory,8.708977845348077,0.2088811247192845,4,Experiment S1,adults,19,8.039714839628699,-1.3385260114387556,1
p164727,random,8.317766166719343,0.125,4,Experiment S1,adults,19,8.039714839628699,-0.5561026541812879,1
p164727,novelty,8.363654082556272,0.1235874938911955,4,Experiment S1,adults,19,8.039714839628699,-0.647878485855145,1
p164727,margin,9.559801409947305,0.09499453428164828,4,Experiment S1,adults,19,8.039714839628699,-3.0401731406372114,1
p18221,entropy,9.437884815156819,0.09507473844521869,4,Experiment S1,adults,21,5.890282083410313,-7.095205463493011,1
p18221,confirmatory,8.319979761019548,0.1456074290462862,4,Experiment S1,adults,21,5.890282083410313,-4.859395355218469,1
p18221,random,8.317766166719343,0.125,4,Experiment S1,adults,21,5.890282083410313,-4.854968166618059,1
p18221,novelty,8.370082923762237,0.12338008281373268,4,Experiment S1,adults,21,5.890282083410313,-4.959601680703846,1
p18221,margin,5.890282083410313,0.23364855261631742,4,Experiment S1,adults,21,5.890282083410313,-0,1
p18467,entropy,7.857090711594344,0.14173741668680995,4,Experiment S1,adults,19,7.857090711594344,-0,1
p18467,confirmatory,9.730067839875659,0.11242044157054672,4,Experiment S1,adults,19,7.857090711594344,-3.74595425656263,1
p18467,random,8.317766166719343,0.125,4,Experiment S1,adults,19,7.857090711594344,-0.9213509102499984,1
p18467,novelty,8.33024107723837,0.12461640511876441,4,Experiment S1,adults,19,7.857090711594344,-0.9463007312880514,1
p18467,margin,9.241644813149776,0.10322352256243425,4,Experiment S1,adults,19,7.857090711594344,-2.7691082031108643,1
p187398,entropy,8.406715076889835,0.12322816689910376,4,Experiment S1,adults,19,7.957503777818037,-0.8984225981435969,1
p187398,confirmatory,9.135769012687316,0.10830948503545808,4,Experiment S1,adults,19,7.957503777818037,-2.3565304697385585,1
p187398,random,8.317766166719343,0.125,4,Experiment S1,adults,19,7.957503777818037,-0.7205247778026127,1
p187398,novelty,8.328686818056266,0.12466143682325918,4,Experiment S1,adults,19,7.957503777818037,-0.742366080476458,1
p187398,margin,7.957503777818037,0.14057492546894296,4,Experiment S1,adults,19,7.957503777818037,-0,1
p188620,entropy,10.001921776662419,0.08266654082492303,4,Experiment S1,adults,22,4.452944370510692,-11.097954812303454,1
p188620,confirmatory,9.135769012687316,0.10830948503545808,4,Experiment S1,adults,22,4.452944370510692,-9.365649284353248,1
p188620,random,8.317766166719343,0.125,4,Experiment S1,adults,22,4.452944370510692,-7.729643592417302,1
p188620,novelty,8.328686818056266,0.12466143682325918,4,Experiment S1,adults,22,4.452944370510692,-7.7514848950911475,1
p188620,margin,4.452944370510692,0.413657020412389,4,Experiment S1,adults,22,4.452944370510692,-0,1
p190260,entropy,8.28209133435401,0.13315380757034165,4,Experiment S1,adults,19,8.28209133435401,-0,1
p190260,confirmatory,9.730067839875659,0.11242044157054672,4,Experiment S1,adults,19,8.28209133435401,-2.8959530110432965,1
p190260,random,8.317766166719343,0.125,4,Experiment S1,adults,19,8.28209133435401,-0.07134966473066484,1
p190260,novelty,8.33024107723837,0.12461640511876441,4,Experiment S1,adults,19,8.28209133435401,-0.09629948576871783,1
p190260,margin,21.780930114696453,0.005772067740372902,4,Experiment S1,adults,19,8.28209133435401,-26.997677560684885,1
p196620,entropy,8.100899003088351,0.1389966082517206,4,Experiment 1,adults,28,8.100899003088351,-0,1
p196620,confirmatory,9.71332386670165,0.17040857257053735,4,Experiment 1,adults,28,8.100899003088351,-3.224849727226598,1
p196620,random,8.317766166719343,0.125,4,Experiment 1,adults,28,8.100899003088351,-0.433734327261984,1
p196620,novelty,8.368225298458528,0.12344513310493083,4,Experiment 1,adults,28,8.100899003088351,-0.5346525907403539,1
p196620,margin,24.66687685190164,0.0028960894899822667,4,Experiment 1,adults,28,8.100899003088351,-33.13195569762658,1
p200542,entropy,7.3307817428809,0.1608252744315206,4,Experiment S1,adults,21,7.3307817428809,-0,1
p200542,confirmatory,8.984901995992724,0.15204180332065906,4,Experiment S1,adults,21,7.3307817428809,-3.3082405062236475,1
p200542,random,8.317766166719343,0.125,4,Experiment S1,adults,21,7.3307817428809,-1.9739688476768862,1
p200542,novelty,8.344613033614255,0.12417259767435569,4,Experiment S1,adults,21,7.3307817428809,-2.0276625814667106,1
p200542,margin,26.94996598739432,0.0012129221263754344,4,Experiment S1,adults,21,7.3307817428809,-39.23836848902684,1
p20106,entropy,9.372663962366495,0.09671255094576905,4,Experiment 1,adults,30,6.071432210121493,-6.602463504490004,1
p20106,confirmatory,8.635302736631338,0.12280676840024318,4,Experiment 1,adults,30,6.071432210121493,-5.12774105301969,1
p20106,random,8.317766166719343,0.125,4,Experiment 1,adults,30,6.071432210121493,-4.4926679131956995,1
p20106,novelty,8.35020336202968,0.1239933851416473,4,Experiment 1,adults,30,6.071432210121493,-4.557542303816373,1
p20106,margin,6.071432210121493,0.2247245275587343,4,Experiment 1,adults,30,6.071432210121493,-0,1
p215469,entropy,8.310717279292527,0.12602166601163597,4,Experiment S1,adults,19,8.310717279292527,-0,1
p215469,confirmatory,10.984901995992724,0.06466249845628785,4,Experiment S1,adults,19,8.310717279292527,-5.348369433400393,1
p215469,random,8.317766166719343,0.125,4,Experiment S1,adults,19,8.310717279292527,-0.014097774853631506,1
p215469,novelty,8.312947472603428,0.12515105666089738,4,Experiment S1,adults,19,8.310717279292527,-0.004460386621801149,1
p215469,margin,8.326597196077639,0.12600874661297307,4,Experiment S1,adults,19,8.310717279292527,-0.031759833570223606,1
p233921,entropy,8.503985103521606,0.12083996493498098,4,Experiment S1,adults,19,6.952917518660401,-3.102135169722409,1
p233921,confirmatory,6.952917518660401,0.20540588608832114,4,Experiment S1,adults,19,6.952917518660401,-0,1
p233921,random,8.317766166719343,0.125,4,Experiment S1,adults,19,6.952917518660401,-2.729697296117884,1
p233921,novelty,8.399184161849512,0.12248900664511414,4,Experiment S1,adults,19,6.952917518660401,-2.892533286378221,1
p233921,margin,25.516677271800486,0.001749835232629606,4,Experiment S1,adults,19,6.952917518660401,-37.127519506280166,1
p239446,entropy,8.546270189953434,0.12406901081625597,4,Experiment 1,adults,21,7.960286457223252,-1.171967465460364,1
p239446,confirmatory,7.960286457223252,0.14353067051644944,4,Experiment 1,adults,21,7.960286457223252,-0,1
p239446,random,8.317766166719343,0.125,4,Experiment 1,adults,21,7.960286457223252,-0.7149594189921817,1
p239446,novelty,8.3690489901982,0.12340997425067607,4,Experiment 1,adults,21,7.960286457223252,-0.817525065949896,1
p239446,margin,21.716242857934635,0.005245858229548025,4,Experiment 1,adults,21,7.960286457223252,-27.511912801422767,1
p281406,entropy,7.308113663409428,0.16110200755085266,4,Experiment S1,adults,18,0.3621576183291721,-13.891912090160513,1
p281406,confirmatory,0.3621576183291721,0.9165411708632178,4,Experiment S1,adults,18,0.3621576183291721,-0,1
p281406,random,8.317766166719343,0.125,4,Experiment S1,adults,18,0.3621576183291721,-15.911217096780343,1
p281406,novelty,8.546830670276275,0.11804623524833309,4,Experiment S1,adults,18,0.3621576183291721,-16.369346103894205,1
p281406,margin,11.371471200330445,0.058851607032689796,4,Experiment S1,adults,18,0.3621576183291721,-22.018627164002545,1
p289766,entropy,8.295688033569423,0.12654421432159926,4,Experiment S1,adults,19,8.295688033569423,-0,1
p289766,confirmatory,10.135769012687316,0.08028275130198327,4,Experiment S1,adults,19,8.295688033569423,-3.680161958235786,1
p289766,random,8.317766166719343,0.125,4,Experiment S1,adults,19,8.295688033569423,-0.04415626629984004,1
p289766,novelty,8.310877410771148,0.12521584142483758,4,Experiment S1,adults,19,8.295688033569423,-0.030378754403450614,1
p289766,margin,8.389254873961084,0.12555310706655537,4,Experiment S1,adults,19,8.295688033569423,-0.18713368078332238,1
p298527,entropy,8.738988343283939,0.11722106782708176,4,Experiment S1,adults,20,8.317766166719343,-0.8424443531291921,1
p298527,confirmatory,10.517476675871226,0.16805039753905016,4,Experiment S1,adults,20,8.317766166719343,-4.399421018303766,1
p298527,random,8.317766166719343,0.125,4,Experiment S1,adults,20,8.317766166719343,-0,1
p298527,novelty,8.347231308222945,0.12409708606384777,4,Experiment S1,adults,20,8.317766166719343,-0.0589302830072036,1
p298527,margin,21.270578168248353,0.0061049870520089086,4,Experiment S1,adults,20,8.317766166719343,-25.90562400305802,1
p333485,entropy,8.413396681926184,0.13305861237885547,4,Experiment S1,adults,18,8.317766166719343,-0.19126103041368125,1
p333485,confirmatory,10.71332386670165,0.1562518969965378,4,Experiment S1,adults,18,8.317766166719343,-4.791115399964614,1
p333485,random,8.317766166719343,0.125,4,Experiment S1,adults,18,8.317766166719343,-0,1
p333485,novelty,8.350415891173412,0.12399832348727256,4,Experiment S1,adults,18,8.317766166719343,-0.06529944890813866,1
p333485,margin,19.16069295517422,0.12555922677922937,4,Experiment S1,adults,18,8.317766166719343,-21.685853576909754,1
p357524,entropy,7.824233268731444,0.14643477259599563,4,Experiment S1,adults,22,7.824233268731444,-0,1
p357524,confirmatory,9.311931062893086,0.10921368618943603,4,Experiment S1,adults,22,7.824233268731444,-2.975395588323284,1
p357524,random,8.317766166719343,0.125,4,Experiment S1,adults,22,7.824233268731444,-0.9870657959757985,1
p357524,novelty,8.329206051376056,0.12464635976615335,4,Experiment S1,adults,22,7.824233268731444,-1.0099455652892253,1
p357524,margin,25.85554914506553,0.00202636749862126,4,Experiment S1,adults,22,7.824233268731444,-36.062631752668175,1
p361305,entropy,7.958932769214106,0.13832170520134648,4,Experiment S1,adults,21,7.958932769214106,-0,1
p361305,confirmatory,9.319979761019548,0.12635998707181342,4,Experiment S1,adults,21,7.958932769214106,-2.7220939836108844,1
p361305,random,8.317766166719343,0.125,4,Experiment S1,adults,21,7.958932769214106,-0.7176667950104747,1
p361305,novelty,8.352273516477121,0.12393346985760333,4,Experiment S1,adults,21,7.958932769214106,-0.7866814945260305,1
p361305,margin,8.93016930879261,0.11117958788964435,4,Experiment S1,adults,21,7.958932769214106,-1.9424730791570095,1
p383593,entropy,7.446895644539831,0.15753606652880991,4,Experiment 1,adults,33,6.978640728670821,-0.9365098317380198,1
p383593,confirmatory,6.978640728670821,0.216495788000876,4,Experiment 1,adults,33,6.978640728670821,-0,1
p383593,random,8.317766166719343,0.125,4,Experiment 1,adults,33,6.978640728670821,-2.678250876097044,1
p383593,novelty,8.38007379332333,0.12307397606513491,4,Experiment 1,adults,33,6.978640728670821,-2.802866129305018,1
p383593,margin,26.953207706879475,0.0013139205098359336,4,Experiment 1,adults,33,6.978640728670821,-39.949133956417306,1
p40368,entropy,8.426028169992255,0.12699413643782262,4,Experiment S1,adults,19,8.307686549045984,-0.23668324189254264,1
p40368,confirmatory,9.770380554377489,0.08817164338396319,4,Experiment S1,adults,19,8.307686549045984,-2.92538801066301,1
p40368,random,8.317766166719343,0.125,4,Experiment S1,adults,19,8.307686549045984,-0.020159235346717708,1
p40368,novelty,8.307686549045984,0.12531576849587311,4,Experiment S1,adults,19,8.307686549045984,-0,1
p40368,margin,8.686644510826476,0.14827148819272623,4,Experiment S1,adults,19,8.307686549045984,-0.7579159235609829,1
p4173,entropy,7.840626394654551,0.14186575591085201,4,Experiment S1,adults,18,7.840626394654551,-0,1
p4173,confirmatory,9.412066839905336,0.12365970416790717,4,Experiment S1,adults,18,7.840626394654551,-3.1428808905015693,1
p4173,random,8.317766166719343,0.125,4,Experiment S1,adults,18,7.840626394654551,-0.9542795441295837,1
p4173,novelty,8.327051456916422,0.12471581631754754,4,Experiment S1,adults,18,7.840626394654551,-0.9728501245237418,1
p4173,margin,9.209952913632225,0.10243878410276701,4,Experiment S1,adults,18,7.840626394654551,-2.7386530379553484,1
p419929,entropy,9.631314874218058,0.09048528804870459,4,Experiment S1,adults,18,5.980720822529703,-7.30118810337671,1
p419929,confirmatory,9.170481187545114,0.12110692555534376,4,Experiment S1,adults,18,5.980720822529703,-6.379520730030823,1
p419929,random,8.317766166719343,0.125,4,Experiment S1,adults,18,5.980720822529703,-4.67409068837928,1
p419929,novelty,8.326534103786354,0.12473078437416311,4,Experiment S1,adults,18,5.980720822529703,-4.691626562513303,1
p419929,margin,5.980720822529703,0.23573976371928865,4,Experiment S1,adults,18,5.980720822529703,-0,1
p428899,entropy,8.399330698732143,0.12500503683102437,4,Experiment S1,adults,22,8.26359058621733,-0.2714802250296273,1
p428899,confirmatory,9.170481187545114,0.12110692555534376,4,Experiment S1,adults,22,8.26359058621733,-1.8137812026555693,1
p428899,random,8.317766166719343,0.125,4,Experiment S1,adults,22,8.26359058621733,-0.10835116100402686,1
p428899,novelty,8.326534103786354,0.12473078437416311,4,Experiment S1,adults,22,8.26359058621733,-0.12588703513804944,1
p428899,margin,8.26359058621733,0.1324359660586165,4,Experiment S1,adults,22,8.26359058621733,-0,1
p433378,entropy,7.740158244289535,0.1448091659341047,4,Experiment S1,adults,19,7.740158244289535,-0,1
p433378,confirmatory,9.508281483334404,0.11050014144174744,4,Experiment S1,adults,19,7.740158244289535,-3.536246478089737,1
p433378,random,8.317766166719343,0.125,4,Experiment S1,adults,19,7.740158244289535,-1.1552158448596153,1
p433378,novelty,8.329724136079898,0.1246313493449185,4,Experiment S1,adults,19,7.740158244289535,-1.1791317835807256,1
p433378,margin,9.682581463426079,0.08941521370958025,4,Experiment S1,adults,19,7.740158244289535,-3.8848464382730867,1
p434041,entropy,9.74145360531555,0.08908817415076713,4,Experiment S1,adults,19,8.317766166719343,-2.847374877192415,1
p434041,confirmatory,8.658009170881394,0.13453641917041106,4,Experiment S1,adults,19,8.317766166719343,-0.6804860083241024,1
p434041,random,8.317766166719343,0.125,4,Experiment S1,adults,19,8.317766166719343,-0,1
p434041,novelty,8.348052507221475,0.12406217112276721,4,Experiment S1,adults,19,8.317766166719343,-0.060572681004263274,1
p434041,margin,14.640800103435163,0.25057312683093075,4,Experiment S1,adults,19,8.317766166719343,-12.64606787343164,1
p437560,entropy,8.081418995717943,0.14364158259344098,4,Experiment 1,adults,32,7.921806847512391,-0.31922429641110384,1
p437560,confirmatory,7.921806847512391,0.3129333359233091,4,Experiment 1,adults,32,7.921806847512391,-0,1
p437560,random,8.317766166719343,0.125,4,Experiment 1,adults,32,7.921806847512391,-0.7919186384139039,1
p437560,novelty,8.393426233582787,0.12267932113851296,4,Experiment 1,adults,32,7.921806847512391,-0.9432387721407913,1
p437560,margin,22.584385011600325,0.005454113364084561,4,Experiment 1,adults,32,7.921806847512391,-29.32515632817587,1
p453195,entropy,7.771363963861152,0.14837210244811572,4,Experiment 1,adults,42,7.771363963861152,-0,1
p453195,confirmatory,9.770380554377489,0.08817164338396319,4,Experiment 1,adults,42,7.771363963861152,-3.9980331810326746,1
p453195,random,8.317766166719343,0.125,4,Experiment 1,adults,42,7.771363963861152,-1.0928044057163824,1
p453195,novelty,8.307686549045984,0.12531576849587311,4,Experiment 1,adults,42,7.771363963861152,-1.0726451703696647,1
p453195,margin,23.168223692885444,0.003967776986257406,4,Experiment 1,adults,42,7.771363963861152,-30.793719458048585,1
p453590,entropy,8.405452579137215,0.13383769600266532,4,Experiment S1,adults,19,8.317766166719343,-0.175372824835744,1
p453590,confirmatory,9.412066839905336,0.12365970416790717,4,Experiment S1,adults,19,8.317766166719343,-2.1886013463719856,1
p453590,random,8.317766166719343,0.125,4,Experiment S1,adults,19,8.317766166719343,-0,1
p453590,novelty,8.327051456916422,0.12471581631754754,4,Experiment S1,adults,19,8.317766166719343,-0.018570580394158043,1
p453590,margin,18.493608007652213,0.12642240386684406,4,Experiment S1,adults,19,8.317766166719343,-20.35168368186574,1
p455946,entropy,8.451223773185616,0.12324056501685796,4,Experiment S1,adults,20,7.969815004491251,-0.9628175373887302,1
p455946,confirmatory,9.311931062893086,0.10921368618943603,4,Experiment S1,adults,20,7.969815004491251,-2.6842321168036705,1
p455946,random,8.317766166719343,0.125,4,Experiment S1,adults,20,7.969815004491251,-0.6959023244561848,1
p455946,novelty,8.329206051376056,0.12464635976615335,4,Experiment S1,adults,20,7.969815004491251,-0.7187820937696117,1
p455946,margin,7.969815004491251,0.14141450598325608,4,Experiment S1,adults,20,7.969815004491251,-0,1
p470122,entropy,8.3405254174569,0.12679397011569526,4,Experiment S1,adults,19,8.198406787173367,-0.28423726056706755,1
p470122,confirmatory,9.770380554377489,0.08817164338396319,4,Experiment S1,adults,19,8.198406787173367,-3.1439475344082446,1
p470122,random,8.317766166719343,0.125,4,Experiment S1,adults,19,8.198406787173367,-0.2387187590919524,1
p470122,novelty,8.307686549045984,0.12531576849587311,4,Experiment S1,adults,19,8.198406787173367,-0.21855952374523469,1
p470122,margin,8.198406787173367,0.1321499337679521,4,Experiment S1,adults,19,8.198406787173367,-0,1
p47709,entropy,7.960580525788698,0.1385296142015598,4,Experiment S1,adults,18,7.960580525788698,-0,1
p47709,confirmatory,8.960286457223251,0.12428322854197667,4,Experiment S1,adults,18,7.960580525788698,-1.9994118628691062,1
p47709,random,8.317766166719343,0.125,4,Experiment S1,adults,18,7.960580525788698,-0.7143712818612897,1
p47709,novelty,8.351239582913085,0.12396336129454671,4,Experiment S1,adults,18,7.960580525788698,-0.7813181142487728,1
p47709,margin,9.09783186015094,0.10564374710796656,4,Experiment S1,adults,18,7.960580525788698,-2.274502668724484,1
p48793,entropy,8.361126950592608,0.13269772158533788,4,Experiment S1,adults,20,8.317766166719343,-0.08672156774652962,1
p48793,confirmatory,8.770380554377489,0.118335975478231,4,Experiment S1,adults,20,8.317766166719343,-0.9052287753162922,1
p48793,random,8.317766166719343,0.125,4,Experiment S1,adults,20,8.317766166719343,-0,1
p48793,novelty,8.3254959563311,0.12476091999055673,4,Experiment S1,adults,20,8.317766166719343,-0.015459579223513487,1
p48793,margin,20.048674476629955,0.08457279958435446,4,Experiment S1,adults,20,8.317766166719343,-23.461816619821224,1
p498970,entropy,7.5149895189280596,0.15422106100206984,4,Experiment S1,adults,19,6.658009170881394,-1.7139606960933307,1
p498970,confirmatory,6.658009170881394,0.20976496672297415,4,Experiment S1,adults,19,6.658009170881394,-0,1
p498970,random,8.317766166719343,0.125,4,Experiment S1,adults,19,6.658009170881394,-3.3195139916758976,1
p498970,novelty,8.379718068232302,0.12308421978933637,4,Experiment S1,adults,19,6.658009170881394,-3.4434177947018156,1
p498970,margin,10.070389969741665,0.0821504097580199,4,Experiment S1,adults,19,6.658009170881394,-6.824761597720542,1
p500302,entropy,8.025936797563547,0.13536136712620392,4,Experiment S1,adults,19,8.025936797563547,-0,1
p500302,confirmatory,9.311931062893086,0.10921368618943603,4,Experiment S1,adults,19,8.025936797563547,-2.571988530659077,1
p500302,random,8.317766166719343,0.125,4,Experiment S1,adults,19,8.025936797563547,-0.5836587383115912,1
p500302,novelty,8.329206051376056,0.12464635976615335,4,Experiment S1,adults,19,8.025936797563547,-0.606538507625018,1
p500302,margin,8.92849863366645,0.10971395121376118,4,Experiment S1,adults,19,8.025936797563547,-1.8051236722058057,1
p501751,entropy,8.563495120719907,0.12373818729158177,4,Experiment 1,adults,23,8.165283506516573,-0.7964232284066668,1
p501751,confirmatory,8.165283506516573,0.1450120821981188,4,Experiment 1,adults,23,8.165283506516573,-0,1
p501751,random,8.317766166719343,0.125,4,Experiment 1,adults,23,8.165283506516573,-0.3049653204055396,1
p501751,novelty,8.369565520040663,0.12339505379811846,4,Experiment 1,adults,23,8.165283506516573,-0.40856402704817896,1
p501751,margin,21.716664769906675,0.005244664504596403,4,Experiment 1,adults,23,8.165283506516573,-27.102762526780204,1
p513792,entropy,9.002583051923384,0.1061767900990117,4,Experiment 1,adults,27,7.446052761356114,-3.1130605811345404,1
p513792,confirmatory,7.446052761356114,0.3254578469569929,4,Experiment 1,adults,27,7.446052761356114,-0,1
p513792,random,8.317766166719343,0.125,4,Experiment 1,adults,27,7.446052761356114,-1.7434268107264579,1
p513792,novelty,8.41210577875378,0.12210173444387494,4,Experiment 1,adults,27,7.446052761356114,-1.932106034795332,1
p513792,margin,8.123517677056503,0.1487578245406097,4,Experiment 1,adults,27,7.446052761356114,-1.3549298314007778,1
p534276,entropy,8.285957269823237,0.13265172185217897,4,Experiment 1,adults,34,8.285957269823237,-0,1
p534276,confirmatory,8.87979552742265,0.13645671929921036,4,Experiment 1,adults,34,8.285957269823237,-1.1876765151988238,1
p534276,random,8.317766166719343,0.125,4,Experiment 1,adults,34,8.285957269823237,-0.06361779379221133,1
p534276,novelty,8.348569448379944,0.12404722689661313,4,Experiment 1,adults,34,8.285957269823237,-0.12522435711341373,1
p534276,margin,9.321929863431869,0.13066022286172235,4,Experiment 1,adults,34,8.285957269823237,-2.0719451872172634,1
p542993,entropy,8.244225487227911,0.1328682823642543,4,Experiment 1,adults,30,8.244225487227911,-0,1
p542993,confirmatory,10.722910767332724,0.08439787464876046,4,Experiment 1,adults,30,8.244225487227911,-4.957370560209625,1
p542993,random,8.317766166719343,0.125,4,Experiment 1,adults,30,8.244225487227911,-0.147081358982863,1
p542993,novelty,8.335495765512338,0.12445280452914176,4,Experiment 1,adults,30,8.244225487227911,-0.1825405565688527,1
p542993,margin,22.44411184427459,0.004602531363284448,4,Experiment 1,adults,30,8.244225487227911,-28.39977271409336,1
p551942,entropy,7.860266859473519,0.14210526288080103,4,Experiment S1,adults,19,7.860266859473519,-0,1
p551942,confirmatory,9.508281483334404,0.11050014144174744,4,Experiment S1,adults,19,7.860266859473519,-3.296029247721769,1
p551942,random,8.317766166719343,0.125,4,Experiment S1,adults,19,7.860266859473519,-0.9149986144916475,1
p551942,novelty,8.329724136079898,0.1246313493449185,4,Experiment S1,adults,19,7.860266859473519,-0.9389145532127579,1
p551942,margin,9.369959026249967,0.09957924353600806,4,Experiment S1,adults,19,7.860266859473519,-3.019384333552896,1
p56262,entropy,8.114103733845406,0.1374535302607987,4,Experiment S1,adults,18,8.114103733845406,-0,1
p56262,confirmatory,9.550131199898756,0.16107855379998168,4,Experiment S1,adults,18,8.114103733845406,-2.8720549321066997,1
p56262,random,8.317766166719343,0.125,4,Experiment S1,adults,18,8.114103733845406,-0.4073248657478743,1
p56262,novelty,8.368906473002394,0.12342531453001424,4,Experiment S1,adults,18,8.114103733845406,-0.5096054783139756,1
p56262,margin,25.12521724114201,0.0023539162289507335,4,Experiment S1,adults,18,8.114103733845406,-34.02222701459321,1
p566711,entropy,8.919406740641694,0.10979545825356796,4,Experiment S1,adults,19,8.317766166719343,-1.2032811478447023,1
p566711,confirmatory,9.730067839875659,0.11242044157054672,4,Experiment S1,adults,19,8.317766166719343,-2.8246033463126317,1
p566711,random,8.317766166719343,0.125,4,Experiment S1,adults,19,8.317766166719343,-0,1
p566711,novelty,8.33024107723837,0.12461640511876441,4,Experiment S1,adults,19,8.317766166719343,-0.02494982103805299,1
p566711,margin,20.641129250918123,0.006621046614216237,4,Experiment S1,adults,19,8.317766166719343,-24.64672616839756,1
p569939,entropy,7.79276415590403,0.14326854444290557,4,Experiment S1,adults,19,7.79276415590403,-0,1
p569939,confirmatory,8.658009170881394,0.13453641917041106,4,Experiment S1,adults,19,7.79276415590403,-1.7304900299547281,1
p569939,random,8.317766166719343,0.125,4,Experiment S1,adults,19,7.79276415590403,-1.0500040216306257,1
p569939,novelty,8.348052507221475,0.12406217112276721,4,Experiment S1,adults,19,7.79276415590403,-1.110576702634889,1
p569939,margin,9.50432414885042,0.09379164657032663,4,Experiment S1,adults,19,7.79276415590403,-3.4231199858927805,1
p581971,entropy,8.563495120719907,0.12373818729158177,4,Experiment S1,adults,18,8.165283506516573,-0.7964232284066668,1
p581971,confirmatory,8.165283506516573,0.1450120821981188,4,Experiment S1,adults,18,8.165283506516573,-0,1
p581971,random,8.317766166719343,0.125,4,Experiment S1,adults,18,8.165283506516573,-0.3049653204055396,1
p581971,novelty,8.369565520040663,0.12339505379811846,4,Experiment S1,adults,18,8.165283506516573,-0.40856402704817896,1
p581971,margin,21.716664769906675,0.005244664504596403,4,Experiment S1,adults,18,8.165283506516573,-27.102762526780204,1
p592140,entropy,7.780195682629106,0.14456933048953918,4,Experiment S1,adults,18,7.780195682629106,-0,1
p592140,confirmatory,7.960286457223252,0.14353067051644944,4,Experiment S1,adults,18,7.780195682629106,-0.36018154918829204,1
p592140,random,8.317766166719343,0.125,4,Experiment S1,adults,18,7.780195682629106,-1.0751409681804738,1
p592140,novelty,8.3690489901982,0.12340997425067607,4,Experiment S1,adults,18,7.780195682629106,-1.177706615138188,1
p592140,margin,9.220238450526281,0.1012062604052332,4,Experiment S1,adults,18,7.780195682629106,-2.8800855357943504,1
p605657,entropy,8.714246941980338,0.11451217982666559,4,Experiment S1,adults,19,7.649282260151068,-2.1299293636585404,1
p605657,confirmatory,9.170481187545114,0.12110692555534376,4,Experiment S1,adults,19,7.649282260151068,-3.042397854788092,1
p605657,random,8.317766166719343,0.125,4,Experiment S1,adults,19,7.649282260151068,-1.3369678131365497,1
p605657,novelty,8.326534103786354,0.12473078437416311,4,Experiment S1,adults,19,7.649282260151068,-1.3545036872705722,1
p605657,margin,7.649282260151068,0.15241654759606096,4,Experiment S1,adults,19,7.649282260151068,-0,1
p621758,entropy,8.462782621247209,0.12605728476736863,4,Experiment 1,adults,36,8.310877410771148,-0.3038104209521215,1
p621758,confirmatory,10.135769012687316,0.08028275130198327,4,Experiment 1,adults,36,8.310877410771148,-3.6497832038323352,1
p621758,random,8.317766166719343,0.125,4,Experiment 1,adults,36,8.310877410771148,-0.013777511896389427,1
p621758,novelty,8.310877410771148,0.12521584142483758,4,Experiment 1,adults,36,8.310877410771148,-0,1
p621758,margin,21.55780223464714,0.0058932941980571266,4,Experiment 1,adults,36,8.310877410771148,-26.493849647751986,1
p623919,entropy,7.162307120810936,0.17633592556782457,4,Experiment 1,adults,28,3.415408881419325,-7.493796478783222,1
p623919,confirmatory,3.415408881419325,0.49385049807951914,4,Experiment 1,adults,28,3.415408881419325,-0,1
p623919,random,8.317766166719343,0.125,4,Experiment 1,adults,28,3.415408881419325,-9.804714570600037,1
p623919,novelty,8.467793809220394,0.120405993393221,4,Experiment 1,adults,28,3.415408881419325,-10.10476985560214,1
p623919,margin,27.469314659782707,0.0016918012327756201,4,Experiment 1,adults,28,3.415408881419325,-48.107811556726766,1
p630351,entropy,8.163103449733907,0.13321329560440354,4,Experiment S1,adults,19,8.163103449733907,-0,1
p630351,confirmatory,9.730067839875659,0.11242044157054672,4,Experiment S1,adults,19,8.163103449733907,-3.1339287802835045,1
p630351,random,8.317766166719343,0.125,4,Experiment S1,adults,19,8.163103449733907,-0.30932543397087287,1
p630351,novelty,8.33024107723837,0.12461640511876441,4,Experiment S1,adults,19,8.163103449733907,-0.33427525500892585,1
p630351,margin,8.635694540078203,0.12033875569577701,4,Experiment S1,adults,19,8.163103449733907,-0.9451821806885938,1
p641738,entropy,8.19707472104255,0.13411719828563334,4,Experiment S1,adults,20,8.19707472104255,-0,1
p641738,confirmatory,8.960286457223251,0.12428322854197667,4,Experiment S1,adults,20,8.19707472104255,-1.526423472361401,1
p641738,random,8.317766166719343,0.125,4,Experiment S1,adults,20,8.19707472104255,-0.24138289135358448,1
p641738,novelty,8.351239582913085,0.12396336129454671,4,Experiment S1,adults,20,8.19707472104255,-0.3083297237410676,1
p641738,margin,25.121976831171807,0.0023546784727694874,4,Experiment S1,adults,20,8.19707472104255,-33.84980422025851,1
p650376,entropy,8.137976368848058,0.14018748048405894,4,Experiment 1,adults,25,8.137976368848058,-0,1
p650376,confirmatory,8.730067839875659,0.13592035601909283,4,Experiment 1,adults,25,8.137976368848058,-1.1841829420552017,1
p650376,random,8.317766166719343,0.125,4,Experiment 1,adults,25,8.137976368848058,-0.35957959574257004,1
p650376,novelty,8.348050484523487,0.12406228830780609,4,Experiment 1,adults,25,8.137976368848058,-0.42014823135085777,1
p650376,margin,21.98989163974717,0.005662936531219179,4,Experiment 1,adults,25,8.137976368848058,-27.703830541798226,1
p651319,entropy,8.486005707068388,0.12532755172933308,4,Experiment 1,adults,48,8.307686549045984,-0.35663831604480833,1
p651319,confirmatory,9.770380554377489,0.08817164338396319,4,Experiment 1,adults,48,8.307686549045984,-2.92538801066301,1
p651319,random,8.317766166719343,0.125,4,Experiment 1,adults,48,8.307686549045984,-0.020159235346717708,1
p651319,novelty,8.307686549045984,0.12531576849587311,4,Experiment 1,adults,48,8.307686549045984,-0,1
p651319,margin,21.574967369328874,0.00586807812044821,4,Experiment 1,adults,48,8.307686549045984,-26.53456164056578,1
p668485,entropy,7.6210453789371995,0.14914037145778627,4,Experiment S1,adults,19,7.6210453789371995,-0,1
p668485,confirmatory,8.708977845348077,0.2088811247192845,4,Experiment S1,adults,19,7.6210453789371995,-2.1758649328217547,1
p668485,random,8.317766166719343,0.125,4,Experiment S1,adults,19,7.6210453789371995,-1.393441575564287,1
p668485,novelty,8.363654082556272,0.1235874938911955,4,Experiment S1,adults,19,7.6210453789371995,-1.485217407238144,1
p668485,margin,10.00956160218685,0.08286018315034696,4,Experiment S1,adults,19,7.6210453789371995,-4.7770324464993,1
p684302,entropy,8.307239757190219,0.13132687017635783,4,Experiment 1,adults,42,8.307239757190219,-0,1
p684302,confirmatory,8.444221996971388,0.1459041643975954,4,Experiment 1,adults,42,8.307239757190219,-0.2739644795623377,1
p684302,random,8.317766166719343,0.125,4,Experiment 1,adults,42,8.307239757190219,-0.021052819058247962,1
p684302,novelty,8.370601204324831,0.12336506104037542,4,Experiment 1,adults,42,8.307239757190219,-0.1267228942692249,1
p684302,margin,21.57041223385906,0.005865847903774828,4,Experiment 1,adults,42,8.307239757190219,-26.52634495333768,1
p702020,entropy,7.761071153542175,0.14557196865029204,4,Experiment S1,adults,18,7.761071153542175,-0,1
p702020,confirmatory,9.360230495237383,0.17068074754504137,4,Experiment S1,adults,18,7.761071153542175,-3.1983186833904167,1
p702020,random,8.317766166719343,0.125,4,Experiment S1,adults,18,7.761071153542175,-1.1133900263543364,1
p702020,novelty,8.38732785046594,0.12286025101321206,4,Experiment S1,adults,18,7.761071153542175,-1.252513393847531,1
p702020,margin,9.612400185314034,0.09461152003784055,4,Experiment S1,adults,18,7.761071153542175,-3.7026580635437174,1
p708199,entropy,8.40744358407461,0.12428019760770803,4,Experiment S1,adults,20,8.20863920507215,-0.397608758004921,1
p708199,confirmatory,8.87979552742265,0.13645671929921036,4,Experiment S1,adults,20,8.20863920507215,-1.3423126447009999,1
p708199,random,8.317766166719343,0.125,4,Experiment S1,adults,20,8.20863920507215,-0.21825392329438742,1
p708199,novelty,8.348569448379944,0.12404722689661313,4,Experiment S1,adults,20,8.20863920507215,-0.2798604866155898,1
p708199,margin,8.20863920507215,0.133359058773462,4,Experiment S1,adults,20,8.20863920507215,-0,1
p722682,entropy,8.732644095720671,0.11698789135181824,4,Experiment S1,adults,20,8.317766166719343,-0.829755858002656,1
p722682,confirmatory,8.658009170881394,0.13453641917041106,4,Experiment S1,adults,20,8.317766166719343,-0.6804860083241024,1
p722682,random,8.317766166719343,0.125,4,Experiment S1,adults,20,8.317766166719343,-0,1
p722682,novelty,8.348052507221475,0.12406217112276721,4,Experiment S1,adults,20,8.317766166719343,-0.060572681004263274,1
p722682,margin,20.866366361121827,0.006499290392932056,4,Experiment S1,adults,20,8.317766166719343,-25.097200388804968,1
p730141,entropy,8.404829239877952,0.1258412252289753,4,Experiment 1,adults,34,8.307686549045984,-0.19428538166393494,1
p730141,confirmatory,9.770380554377489,0.08817164338396319,4,Experiment 1,adults,34,8.307686549045984,-2.92538801066301,1
p730141,random,8.317766166719343,0.125,4,Experiment 1,adults,34,8.307686549045984,-0.020159235346717708,1
p730141,novelty,8.307686549045984,0.12531576849587311,4,Experiment 1,adults,34,8.307686549045984,-0,1
p730141,margin,21.339023003414418,0.00600908140544866,4,Experiment 1,adults,34,8.307686549045984,-26.062672908736868,1
p737679,entropy,8.12256971703902,0.13208689205864235,4,Experiment S1,adults,18,8.12256971703902,-0,1
p737679,confirmatory,9.311931062893086,0.10921368618943603,4,Experiment S1,adults,18,8.12256971703902,-2.3787226917081306,1
p737679,random,8.317766166719343,0.125,4,Experiment S1,adults,18,8.12256971703902,-0.3903928993606449,1
p737679,novelty,8.329206051376056,0.12464635976615335,4,Experiment S1,adults,18,8.12256971703902,-0.41327266867407175,1
p737679,margin,8.878773407161466,0.11013326369456244,4,Experiment S1,adults,18,8.12256971703902,-1.5124073802448912,1
p745348,entropy,7.565761089525921,0.154512529155929,4,Experiment 1,adults,19,7.565761089525921,-0,1
p745348,confirmatory,9.550131199898756,0.16107855379998168,4,Experiment 1,adults,19,7.565761089525921,-3.9687402207456692,1
p745348,random,8.317766166719343,0.125,4,Experiment 1,adults,19,7.565761089525921,-1.5040101543868438,1
p745348,novelty,8.368906473002394,0.12342531453001424,4,Experiment 1,adults,19,7.565761089525921,-1.6062907669529451,1
p745348,margin,27.238973708720234,0.0013984583676907802,4,Experiment 1,adults,19,7.565761089525921,-39.346425238388626,1
p745776,entropy,8.218478193198974,0.1318750554384939,4,Experiment S1,adults,NA,8.218478193198974,-0,1
p745776,confirmatory,9.963812001465143,0.16112318160502562,4,Experiment S1,adults,NA,8.218478193198974,-3.4906676165323383,1
p745776,random,8.317766166719343,0.125,4,Experiment S1,adults,NA,8.218478193198974,-0.19857594704073733,1
p745776,novelty,8.346360477921332,0.12412214543332847,4,Experiment S1,adults,NA,8.218478193198974,-0.2557645694447146,1
p745776,margin,8.509861246480295,0.1274966307450839,4,Experiment S1,adults,NA,8.218478193198974,-0.5827661065626408,1
p748517,entropy,8.686406775228228,0.11618628639464063,4,Experiment S1,adults,19,7.581093298777311,-2.2106269529018334,1
p748517,confirmatory,9.135769012687316,0.10830948503545808,4,Experiment S1,adults,19,7.581093298777311,-3.109351427820009,1
p748517,random,8.317766166719343,0.125,4,Experiment S1,adults,19,7.581093298777311,-1.4733457358840631,1
p748517,novelty,8.328686818056266,0.12466143682325918,4,Experiment S1,adults,19,7.581093298777311,-1.4951870385579085,1
p748517,margin,7.581093298777311,0.15699580388334577,4,Experiment S1,adults,19,7.581093298777311,-0,1
p752407,entropy,8.328168049986584,0.12621256974916806,4,Experiment S1,adults,20,8.317766166719343,-0.020803766534481127,1
p752407,confirmatory,8.87979552742265,0.13645671929921036,4,Experiment S1,adults,20,8.317766166719343,-1.1240587214066124,1
p752407,random,8.317766166719343,0.125,4,Experiment S1,adults,20,8.317766166719343,-0,1
p752407,novelty,8.348569448379944,0.12404722689661313,4,Experiment S1,adults,20,8.317766166719343,-0.0616065633212024,1
p752407,margin,8.728435257224888,0.11516274238353261,4,Experiment S1,adults,20,8.317766166719343,-0.8213381810110896,1
p766269,entropy,8.370205266709835,0.13274256601021447,4,Experiment 1,adults,23,8.317766166719343,-0.10487819998098402,1
p766269,confirmatory,8.770380554377489,0.118335975478231,4,Experiment 1,adults,23,8.317766166719343,-0.9052287753162922,1
p766269,random,8.317766166719343,0.125,4,Experiment 1,adults,23,8.317766166719343,-0,1
p766269,novelty,8.3254959563311,0.12476091999055673,4,Experiment 1,adults,23,8.317766166719343,-0.015459579223513487,1
p766269,margin,9.098864477321204,0.13386672102305572,4,Experiment 1,adults,23,8.317766166719343,-1.5621966212037215,1
p767536,entropy,9.485017243074118,0.09382612238831638,4,Experiment S1,adults,19,6.6840965522542755,-5.6018413816396855,1
p767536,confirmatory,7.122955844335701,0.2062124819045485,4,Experiment S1,adults,19,6.6840965522542755,-0.8777185841628512,1
p767536,random,8.317766166719343,0.125,4,Experiment S1,adults,19,6.6840965522542755,-3.267339228930135,1
p767536,novelty,8.39970042502663,0.12247410159539612,4,Experiment S1,adults,19,6.6840965522542755,-3.431207745544709,1
p767536,margin,6.6840965522542755,0.19350556575662958,4,Experiment S1,adults,19,6.6840965522542755,-0,1
p774181,entropy,8.148562970719986,0.13085763376181872,4,Experiment S1,adults,19,7.835092200566878,-0.6269415403062162,1
p774181,confirmatory,7.835092200566878,0.20979799852684825,4,Experiment S1,adults,19,7.835092200566878,-0,1
p774181,random,8.317766166719343,0.125,4,Experiment S1,adults,19,7.835092200566878,-0.9653479323049297,1
p774181,novelty,8.401444809104046,0.12242382595882048,4,Experiment S1,adults,19,7.835092200566878,-1.132705217074335,1
p774181,margin,9.382378356005,0.09638471048384831,4,Experiment S1,adults,19,7.835092200566878,-3.094572310876245,1
p777598,entropy,8.435768985271302,0.12479552798376353,4,Experiment S1,adults,18,8.310877410771148,-0.24978314900030796,1
p777598,confirmatory,10.135769012687316,0.08028275130198327,4,Experiment S1,adults,18,8.310877410771148,-3.6497832038323352,1
p777598,random,8.317766166719343,0.125,4,Experiment S1,adults,18,8.310877410771148,-0.013777511896389427,1
p777598,novelty,8.310877410771148,0.12521584142483758,4,Experiment S1,adults,18,8.310877410771148,-0,1
p777598,margin,24.042060154157173,0.00305942358372122,4,Experiment S1,adults,18,8.310877410771148,-31.46236548677205,1
p809904,entropy,9.318792916385508,0.09747433850870153,4,Experiment S1,adults,18,6.772342019721695,-5.092901793327627,1
p809904,confirmatory,8.197842783290717,0.15869081530895932,4,Experiment S1,adults,18,6.772342019721695,-2.8510015271380453,1
p809904,random,8.317766166719343,0.125,4,Experiment S1,adults,18,6.772342019721695,-3.090848293995297,1
p809904,novelty,8.389188221978491,0.12279505189436918,4,Experiment S1,adults,18,6.772342019721695,-3.2336924045135937,1
p809904,margin,6.772342019721695,0.2004190516900426,4,Experiment S1,adults,18,6.772342019721695,-0,1
p810927,entropy,8.293519448598158,0.12817269105031825,4,Experiment S1,adults,19,8.174747659785494,-0.23754357762532763,1
p810927,confirmatory,10.28572357380075,0.1934312368406469,4,Experiment S1,adults,19,8.174747659785494,-4.221951828030512,1
p810927,random,8.317766166719343,0.125,4,Experiment S1,adults,19,8.174747659785494,-0.2860370138676984,1
p810927,novelty,8.362371806961047,0.12363089476851026,4,Experiment S1,adults,19,8.174747659785494,-0.3752482943511062,1
p810927,margin,8.174747659785494,0.13941550463837465,4,Experiment S1,adults,19,8.174747659785494,-0,1
p820599,entropy,8.92081684337274,0.11196848664902949,4,Experiment 1,adults,35,7.227058360708451,-3.3875169653285795,1
p820599,confirmatory,9.508281483334404,0.11050014144174744,4,Experiment 1,adults,35,7.227058360708451,-4.5624462452519055,1
p820599,random,8.317766166719343,0.125,4,Experiment 1,adults,35,7.227058360708451,-2.181415612021784,1
p820599,novelty,8.329724136079898,0.1246313493449185,4,Experiment 1,adults,35,7.227058360708451,-2.205331550742894,1
p820599,margin,7.227058360708451,0.19400559540271078,4,Experiment 1,adults,35,7.227058360708451,-0,1
p8209,entropy,9.369586593408297,0.09672480896874663,4,Experiment 1,adults,35,6.460718335001915,-5.817736516812763,1
p8209,confirmatory,9.043847680967692,0.13717542856590978,4,Experiment 1,adults,35,6.460718335001915,-5.166258691931555,1
p8209,random,8.317766166719343,0.125,4,Experiment 1,adults,35,6.460718335001915,-3.714095663434856,1
p8209,novelty,8.349087264811008,0.12403223201770758,4,Experiment 1,adults,35,6.460718335001915,-3.7767378596181853,1
p8209,margin,6.460718335001915,0.21668286056481773,4,Experiment 1,adults,35,6.460718335001915,-0,1
p833624,entropy,8.223131213056558,0.13332054326358636,4,Experiment S1,adults,19,8.223131213056558,-0,1
p833624,confirmatory,9.508281483334404,0.11050014144174744,4,Experiment S1,adults,19,8.223131213056558,-2.5703005405556922,1
p833624,random,8.317766166719343,0.125,4,Experiment S1,adults,19,8.223131213056558,-0.18926990732557059,1
p833624,novelty,8.329724136079898,0.1246313493449185,4,Experiment S1,adults,19,8.223131213056558,-0.2131858460466809,1
p833624,margin,9.08950082816369,0.12831505921993552,4,Experiment S1,adults,19,8.223131213056558,-1.7327392302142641,1
p841562,entropy,8.51069542004924,0.12319133102083218,4,Experiment S1,adults,18,8.317766166719343,-0.38585850665979393,1
p841562,confirmatory,8.336020902332919,0.1618912484952213,4,Experiment S1,adults,18,8.317766166719343,-0.03650947122715209,1
p841562,random,8.317766166719343,0.125,4,Experiment S1,adults,18,8.317766166719343,-0,1
p841562,novelty,8.389026471104957,0.12279978310713197,4,Experiment S1,adults,18,8.317766166719343,-0.1425206087712283,1
p841562,margin,21.537308362435553,0.005322891683619486,4,Experiment S1,adults,18,8.317766166719343,-26.43908439143242,1
p844137,entropy,7.784902072105597,0.1469773320919428,4,Experiment 1,adults,23,7.784902072105597,-0,1
p844137,confirmatory,9.043847680967692,0.13717542856590978,4,Experiment 1,adults,23,7.784902072105597,-2.5178912177241912,1
p844137,random,8.317766166719343,0.125,4,Experiment 1,adults,23,7.784902072105597,-1.0657281892274924,1
p844137,novelty,8.349087264811008,0.12403223201770758,4,Experiment 1,adults,23,7.784902072105597,-1.1283703854108218,1
p844137,margin,22.96622632490471,0.004067306093893722,4,Experiment 1,adults,23,7.784902072105597,-30.362648505598226,1
p845119,entropy,7.912664369281418,0.13912650946386323,4,Experiment S1,adults,19,6.960286457223252,-1.9047558241163323,1
p845119,confirmatory,6.960286457223252,0.19585064227997867,4,Experiment S1,adults,19,6.960286457223252,-0,1
p845119,random,8.317766166719343,0.125,4,Experiment S1,adults,19,6.960286457223252,-2.7149594189921817,1
p845119,novelty,8.382905143923912,0.12298619093009859,4,Experiment S1,adults,19,6.960286457223252,-2.8452373734013197,1
p845119,margin,9.653273452224337,0.09220310536527276,4,Experiment S1,adults,19,6.960286457223252,-5.385973990002169,1
p864116,entropy,8.424988376380446,0.1250552871039043,4,Experiment S1,adults,19,8.317766166719343,-0.2144444193222057,1
p864116,confirmatory,13.285723573800752,0.03618825731181012,4,Experiment S1,adults,19,8.317766166719343,-9.935914814162818,1
p864116,random,8.317766166719343,0.125,4,Experiment S1,adults,19,8.317766166719343,-0,1
p864116,novelty,8.319618554507366,0.12494250610902242,4,Experiment S1,adults,19,8.317766166719343,-0.0037047755760468704,1
p864116,margin,24.044104726735856,0.003059083131439291,4,Experiment S1,adults,19,8.317766166719343,-31.452677120033027,1
p878612,entropy,8.987265459308997,0.10574484124881893,4,Experiment 1,adults,24,5.720024838022525,-6.534481242572944,1
p878612,confirmatory,5.720024838022525,0.24817459432760144,4,Experiment 1,adults,24,5.720024838022525,-0,1
p878612,random,8.317766166719343,0.125,4,Experiment 1,adults,24,5.720024838022525,-5.195482657393637,1
p878612,novelty,8.416478175991413,0.12195476692385769,4,Experiment 1,adults,24,5.720024838022525,-5.392906675937777,1
p878612,margin,22.124375462877293,0.004041545361548878,4,Experiment 1,adults,24,5.720024838022525,-32.808701249709536,1
p898263,entropy,7.875986123909827,0.1495306181805741,4,Experiment S1,adults,18,7.875986123909827,-0,1
p898263,confirmatory,9.367056107824192,0.09783882908504163,4,Experiment S1,adults,18,7.875986123909827,-2.9821399678287293,1
p898263,random,8.317766166719343,0.125,4,Experiment S1,adults,18,7.875986123909827,-0.8835600856190311,1
p898263,novelty,8.30449313987333,0.1254158551865821,4,Experiment S1,adults,18,7.875986123909827,-0.8570140319270045,1
p898263,margin,19.91682738108117,0.1245739903736585,4,Experiment S1,adults,18,7.875986123909827,-24.081682514342685,1
p912165,entropy,6.948199878485459,0.18738250714297033,4,Experiment 1,adults,30,6.432109036234247,-1.032181684502424,1
p912165,confirmatory,6.432109036234247,0.6562509848819893,4,Experiment 1,adults,30,6.432109036234247,-0,1
p912165,random,8.317766166719343,0.125,4,Experiment 1,adults,30,6.432109036234247,-3.7713142609701915,1
p912165,novelty,8.484216702026082,0.11993864680301579,4,Experiment 1,adults,30,6.432109036234247,-4.104215331583669,1
p912165,margin,25.144367718762375,0.0032079996639354435,4,Experiment 1,adults,30,6.432109036234247,-37.42451736505625,1
p925617,entropy,9.86102427609216,0.08553103699640457,4,Experiment S1,adults,20,7.08348065004878,-5.555087252086759,1
p925617,confirmatory,7.08348065004878,0.2987323307971845,4,Experiment S1,adults,20,7.08348065004878,-0,1
p925617,random,8.317766166719343,0.125,4,Experiment S1,adults,20,7.08348065004878,-2.468571033341126,1
p925617,novelty,8.415194825237508,0.1220071737232389,4,Experiment S1,adults,20,7.08348065004878,-2.6634283503774565,1
p925617,margin,16.00809285226583,0.12833922138940237,4,Experiment S1,adults,20,7.08348065004878,-17.849224404434096,1
p929240,entropy,7.364016872113988,0.15960711747562134,4,Experiment 1,adults,41,7.364016872113988,-0,1
p929240,confirmatory,9.550131199898756,0.16107855379998168,4,Experiment 1,adults,41,7.364016872113988,-4.372228655569536,1
p929240,random,8.317766166719343,0.125,4,Experiment 1,adults,41,7.364016872113988,-1.9074985892107108,1
p929240,novelty,8.368906473002394,0.12342531453001424,4,Experiment 1,adults,41,7.364016872113988,-2.009779201776812,1
p929240,margin,26.94947477621711,0.0012129911905878958,4,Experiment 1,adults,41,7.364016872113988,-39.170915808206246,1
p931398,entropy,8.826972319235733,0.11037470582069883,4,Experiment 1,adults,35,6.546045801641396,-4.561853035188673,1
p931398,confirmatory,6.546045801641396,0.20290979239709,4,Experiment 1,adults,35,6.546045801641396,-0,1
p931398,random,8.317766166719343,0.125,4,Experiment 1,adults,35,6.546045801641396,-3.5434407301558934,1
p931398,novelty,8.421726172054708,0.12179486857638304,4,Experiment 1,adults,35,6.546045801641396,-3.751360740826623,1
p931398,margin,8.104394057460313,0.13346924690487813,4,Experiment 1,adults,35,6.546045801641396,-3.1166965116378336,1
p94128,entropy,6.7722904583010815,0.18412227896718297,4,Experiment S1,adults,19,0.4321090362342473,-12.680362844133668,1
p94128,confirmatory,0.4321090362342473,0.9018628786567688,4,Experiment S1,adults,19,0.4321090362342473,-0,1
p94128,random,8.317766166719343,0.125,4,Experiment S1,adults,19,0.4321090362342473,-15.771314260970192,1
p94128,novelty,8.550006103572791,0.11795256117036212,4,Experiment S1,adults,19,0.4321090362342473,-16.235794134677086,1
p94128,margin,31.363239904656186,3.9684553862175044e-4,4,Experiment S1,adults,19,0.4321090362342473,-61.86226173684388,1
p955992,entropy,8.187176408752487,0.13315530379583856,4,Experiment S1,adults,19,8.187176408752487,-0,1
p955992,confirmatory,9.02338564766535,0.1253126425568631,4,Experiment S1,adults,19,8.187176408752487,-1.672418477825726,1
p955992,random,8.317766166719343,0.125,4,Experiment S1,adults,19,8.187176408752487,-0.261179515933712,1
p955992,novelty,8.351237563438914,0.12396347819951976,4,Experiment S1,adults,19,8.187176408752487,-0.3281223093728549,1
p955992,margin,8.873145507385114,0.11190829279832867,4,Experiment S1,adults,19,8.187176408752487,-1.371938197265255,1
p960121,entropy,7.9087539931011985,0.14113379940577667,4,Experiment S1,adults,19,7.9087539931011985,-0,1
p960121,confirmatory,8.722910767332724,0.15596528838676246,4,Experiment S1,adults,19,7.9087539931011985,-1.6283135484630513,1
p960121,random,8.317766166719343,0.125,4,Experiment S1,adults,19,7.9087539931011985,-0.8180243472362889,1
p960121,novelty,8.367161326523165,0.12347563416469363,4,Experiment S1,adults,19,7.9087539931011985,-0.9168146668439334,1
p960121,margin,9.554035266004973,0.09671834361752643,4,Experiment S1,adults,19,7.9087539931011985,-3.29056254580755,1
p971397,entropy,7.525538027352701,0.15399827091449103,4,Experiment 1,adults,33,7.525538027352701,-0,1
p971397,confirmatory,8.444221996971388,0.1459041643975954,4,Experiment 1,adults,33,7.525538027352701,-1.8373679392373745,1
p971397,random,8.317766166719343,0.125,4,Experiment 1,adults,33,7.525538027352701,-1.5844562787332848,1
p971397,novelty,8.370601204324831,0.12336506104037542,4,Experiment 1,adults,33,7.525538027352701,-1.6901263539442617,1
p971397,margin,26.548858365449462,0.0014163220086733097,4,Experiment 1,adults,33,7.525538027352701,-38.04664067619352,1
p984713,entropy,9.193200414528764,0.10091261922037711,4,Experiment 1,adults,30,6.960286457223252,-4.465827914611024,1
p984713,confirmatory,6.960286457223252,0.19585064227997867,4,Experiment 1,adults,30,6.960286457223252,-0,1
p984713,random,8.317766166719343,0.125,4,Experiment 1,adults,30,6.960286457223252,-2.7149594189921817,1
p984713,novelty,8.382905143923912,0.12298619093009859,4,Experiment 1,adults,30,6.960286457223252,-2.8452373734013197,1
p984713,margin,21.021987578125433,0.005652966125818939,4,Experiment 1,adults,30,6.960286457223252,-28.123402241804364,1
p993295,entropy,9.426734349453627,0.0953123558503598,4,Experiment 1,adults,29,7.09060106404697,-4.6722665708133135,1
p993295,confirmatory,7.508281483334403,0.19787944630611864,4,Experiment 1,adults,29,7.09060106404697,-0.8353608385748661,1
p993295,random,8.317766166719343,0.125,4,Experiment 1,adults,29,7.09060106404697,-2.454330205344746,1
p993295,novelty,8.361389697090726,0.1236528903583768,4,Experiment 1,adults,29,7.09060106404697,-2.5415772660875113,1
p993295,margin,7.09060106404697,0.1829825621699261,4,Experiment 1,adults,29,7.09060106404697,-0,1
p999086,entropy,8.600877800837235,0.11741144661739285,4,Experiment S1,adults,19,7.651416374282843,-1.8989228531087843,1
p999086,confirmatory,9.770380554377489,0.08817164338396319,4,Experiment S1,adults,19,7.651416374282843,-4.237928360189292,1
p999086,random,8.317766166719343,0.125,4,Experiment S1,adults,19,7.651416374282843,-1.3326995848729997,1
p999086,novelty,8.307686549045984,0.12531576849587311,4,Experiment S1,adults,19,7.651416374282843,-1.312540349526282,1
p999086,margin,7.651416374282843,0.15064928953938578,4,Experiment S1,adults,19,7.651416374282843,-0,1
